timestamp_s,pressure_pa,fluid_temperature_k,ambient_temperature_k,solar_w_m2
0.0,5159170.04696868,289.15,296.71,0.0
600.0,5159170.04696868,289.15,296.71,0.0
1200.0,5159170.04696868,289.15,296.71,0.0
1800.0,5159170.04696868,289.15,296.71,0.0
2400.0,5159170.04696868,289.15,296.71,0.0
3000.0,5159170.04696868,289.15,296.71,0.0
3600.0,5159170.04696868,289.15,296.71,0.0
4200.0,5155975.195132832,289.15,296.77,0.0
4800.0,5155975.195132832,289.15,296.77,0.0
5400.0,5155975.195132832,289.15,296.77,0.0
6000.0,5155975.195132832,289.15,296.77,0.0
6600.0,5155975.195132832,289.15,296.77,0.0
7200.0,5155975.195132832,289.15,296.77,0.0
7800.0,5156097.118670453,289.15,296.62,0.0
8400.0,5156097.118670453,289.15,296.62,0.0
9000.0,5156097.118670453,289.15,296.62,0.0
9600.0,5156097.118670453,289.15,296.62,0.0
10200.0,5156097.118670453,289.15,296.62,0.0
10800.0,5156097.118670453,289.15,296.62,0.0
11400.0,5156365.904041764,289.15,296.60999999999996,13.52
12000.0,5156365.904041764,289.15,296.60999999999996,13.52
12600.0,5156365.904041764,289.15,296.60999999999996,13.52
13200.0,5156365.904041764,289.15,296.60999999999996,13.52
13800.0,5156365.904041764,289.15,296.60999999999996,13.52
14400.0,5156365.904041764,289.15,296.60999999999996,13.52
15000.0,5117727.859308052,289.15,298.57,172.25
15600.0,5117727.859308052,289.15,298.57,172.25
16200.0,5117727.859308052,289.15,298.57,172.25
16800.0,5117727.859308052,289.15,298.57,172.25
17400.0,5117727.859308052,289.15,298.57,172.25
18000.0,5117727.859308052,289.15,298.57,172.25
18600.0,5087202.05175052,289.15,300.65,373.5
19200.0,5087202.05175052,289.15,300.65,373.5
19800.0,5087202.05175052,289.15,300.65,373.5
20400.0,5087202.05175052,289.15,300.65,373.5
21000.0,5087202.05175052,289.15,300.65,373.5
21600.0,5087202.05175052,289.15,300.65,373.5
22200.0,5090611.922719393,289.15,302.79999999999995,597.2
22800.0,5090611.922719393,289.15,302.79999999999995,597.2
23400.0,5090611.922719393,289.15,302.79999999999995,597.2
24000.0,5090611.922719393,289.15,302.79999999999995,597.2
24600.0,5090611.922719393,289.15,302.79999999999995,597.2
25200.0,5090611.922719393,289.15,302.79999999999995,597.2
25800.0,5089811.595661308,289.15,304.60999999999996,779.92
26400.0,5089811.595661308,289.15,304.60999999999996,779.92
27000.0,5089811.595661308,289.15,304.60999999999996,779.92
27600.0,5089811.595661308,289.15,304.60999999999996,779.92
28200.0,5089811.595661308,289.15,304.60999999999996,779.92
28800.0,5089811.595661308,289.15,304.60999999999996,779.92
29400.0,5089678.956432569,289.15,305.32,896.15
30000.0,5089678.956432569,289.15,305.32,896.15
30600.0,5089678.956432569,289.15,305.32,896.15
31200.0,5089678.956432569,289.15,305.32,896.15
31800.0,5089678.956432569,289.15,305.32,896.15
32400.0,5089678.956432569,289.15,305.32,896.15
33000.0,5093105.346035227,289.15,305.37,922.67
33600.0,5093105.346035227,289.15,305.37,922.67
34200.0,5093105.346035227,289.15,305.37,922.67
34800.0,5093105.346035227,289.15,305.37,922.67
35400.0,5093105.346035227,289.15,305.37,922.67
36000.0,5093105.346035227,289.15,305.37,922.67
36600.0,5092849.00191498,289.15,305.06,880.15
37200.0,5092849.00191498,289.15,305.06,880.15
37800.0,5092849.00191498,289.15,305.06,880.15
38400.0,5092849.00191498,289.15,305.06,880.15
39000.0,5092849.00191498,289.15,305.06,880.15
39600.0,5092849.00191498,289.15,305.06,880.15
40200.0,5094371.144110135,289.15,304.59999999999997,759.75
40800.0,5094371.144110135,289.15,304.59999999999997,759.75
41400.0,5094371.144110135,289.15,304.59999999999997,759.75
42000.0,5094371.144110135,289.15,304.59999999999997,759.75
42600.0,5094371.144110135,289.15,304.59999999999997,759.75
43200.0,5094371.144110135,289.15,304.59999999999997,759.75
43800.0,5097906.79592922,289.15,304.15999999999997,555.92
44400.0,5097906.79592922,289.15,304.15999999999997,555.92
45000.0,5097906.79592922,289.15,304.15999999999997,555.92
45600.0,5097906.79592922,289.15,304.15999999999997,555.92
46200.0,5097906.79592922,289.15,304.15999999999997,555.92
46800.0,5097906.79592922,289.15,304.15999999999997,555.92
47400.0,5095872.436945142,289.15,303.64,335.25
48000.0,5095872.436945142,289.15,303.64,335.25
48600.0,5095872.436945142,289.15,303.64,335.25
49200.0,5095872.436945142,289.15,303.64,335.25
49800.0,5095872.436945142,289.15,303.64,335.25
50400.0,5095872.436945142,289.15,303.64,335.25
51000.0,5095683.388101953,289.15,302.91999999999996,142.85
51600.0,5095683.388101953,289.15,302.91999999999996,142.85
52200.0,5095683.388101953,289.15,302.91999999999996,142.85
52800.0,5095683.388101953,289.15,302.91999999999996,142.85
53400.0,5095683.388101953,289.15,302.91999999999996,142.85
54000.0,5095683.388101953,289.15,302.91999999999996,142.85
54600.0,5099876.097551625,289.15,301.59999999999997,14.07
55200.0,5099876.097551625,289.15,301.59999999999997,14.07
55800.0,5099876.097551625,289.15,301.59999999999997,14.07
56400.0,5099876.097551625,289.15,301.59999999999997,14.07
57000.0,5099876.097551625,289.15,301.59999999999997,14.07
57600.0,5099876.097551625,289.15,301.59999999999997,14.07
58200.0,5101231.959018245,289.15,300.78999999999996,0.0
58800.0,5101231.959018245,289.15,300.78999999999996,0.0
59400.0,5101231.959018245,289.15,300.78999999999996,0.0
60000.0,5101231.959018245,289.15,300.78999999999996,0.0
60600.0,5101231.959018245,289.15,300.78999999999996,0.0
61200.0,5101231.959018245,289.15,300.78999999999996,0.0
61800.0,5101669.00656914,289.15,301.03999999999996,0.0
62400.0,5101669.00656914,289.15,301.03999999999996,0.0
63000.0,5101669.00656914,289.15,301.03999999999996,0.0
63600.0,5101669.00656914,289.15,301.03999999999996,0.0
64200.0,5101669.00656914,289.15,301.03999999999996,0.0
64800.0,5101669.00656914,289.15,301.03999999999996,0.0
65400.0,5101165.845488379,289.15,301.38,0.0
66000.0,5101165.845488379,289.15,301.38,0.0
66600.0,5101165.845488379,289.15,301.38,0.0
67200.0,5101165.845488379,289.15,301.38,0.0
67800.0,5101165.845488379,289.15,301.38,0.0
68400.0,5101165.845488379,289.15,301.38,0.0
69000.0,5100366.563651689,289.15,300.84,0.0
69600.0,5100366.563651689,289.15,300.84,0.0
70200.0,5100366.563651689,289.15,300.84,0.0
70800.0,5100366.563651689,289.15,300.84,0.0
71400.0,5100366.563651689,289.15,300.84,0.0
72000.0,5100366.563651689,289.15,300.84,0.0
72600.0,5099603.768160533,289.15,300.32,0.0
73200.0,5099603.768160533,289.15,300.32,0.0
73800.0,5099603.768160533,289.15,300.32,0.0
74400.0,5099603.768160533,289.15,300.32,0.0
75000.0,5099603.768160533,289.15,300.32,0.0
75600.0,5099603.768160533,289.15,300.32,0.0
76200.0,5099224.73280781,289.15,299.96,0.0
76800.0,5099224.73280781,289.15,299.96,0.0
77400.0,5099224.73280781,289.15,299.96,0.0
78000.0,5099224.73280781,289.15,299.96,0.0
78600.0,5099224.73280781,289.15,299.96,0.0
79200.0,5099224.73280781,289.15,299.96,0.0
79800.0,5098289.32281912,289.15,299.62,0.0
80400.0,5098289.32281912,289.15,299.62,0.0
81000.0,5098289.32281912,289.15,299.62,0.0
81600.0,5098289.32281912,289.15,299.62,0.0
82200.0,5098289.32281912,289.15,299.62,0.0
82800.0,5098289.32281912,289.15,299.62,0.0
83400.0,5095872.436945142,289.15,299.12,0.0
84000.0,5095872.436945142,289.15,299.12,0.0
84600.0,5095872.436945142,289.15,299.12,0.0
85200.0,5095872.436945142,289.15,299.12,0.0
85800.0,5095872.436945142,289.15,299.12,0.0
86400.0,5095872.436945142,289.15,299.12,0.0
87000.0,5094973.80965025,289.15,298.87,0.0
87600.0,5094973.80965025,289.15,298.87,0.0
88200.0,5094973.80965025,289.15,298.87,0.0
88800.0,5094973.80965025,289.15,298.87,0.0
89400.0,5094973.80965025,289.15,298.87,0.0
90000.0,5094973.80965025,289.15,298.87,0.0
90600.0,5095349.042789855,289.15,298.63,0.0
91200.0,5095349.042789855,289.15,298.63,0.0
91800.0,5095349.042789855,289.15,298.63,0.0
92400.0,5095349.042789855,289.15,298.63,0.0
93000.0,5095349.042789855,289.15,298.63,0.0
93600.0,5095349.042789855,289.15,298.63,0.0
94200.0,5092849.00191498,289.15,298.57,0.0
94800.0,5092849.00191498,289.15,298.57,0.0
95400.0,5092849.00191498,289.15,298.57,0.0
96000.0,5092849.00191498,289.15,298.57,0.0
96600.0,5092849.00191498,289.15,298.57,0.0
97200.0,5092849.00191498,289.15,298.57,0.0
97800.0,5059189.033743743,289.15,298.66999999999996,8.88
98400.0,5059189.033743743,289.15,298.66999999999996,8.88
99000.0,5059189.033743743,289.15,298.66999999999996,8.88
99600.0,5059189.033743743,289.15,298.66999999999996,8.88
100200.0,5059189.033743743,289.15,298.66999999999996,8.88
100800.0,5059189.033743743,289.15,298.66999999999996,8.88
101400.0,5015308.448765084,289.15,299.39,94.2
102000.0,5015308.448765084,289.15,299.39,94.2
102600.0,5015308.448765084,289.15,299.39,94.2
103200.0,5015308.448765084,289.15,299.39,94.2
103800.0,5015308.448765084,289.15,299.39,94.2
104400.0,5015308.448765084,289.15,299.39,94.2
105000.0,4978239.938704219,289.15,300.21,215.05
105600.0,4978239.938704219,289.15,300.21,215.05
106200.0,4978239.938704219,289.15,300.21,215.05
106800.0,4978239.938704219,289.15,300.21,215.05
107400.0,4978239.938704219,289.15,300.21,215.05
108000.0,4978239.938704219,289.15,300.21,215.05
108600.0,4957501.198870133,289.15,299.59999999999997,348.12
109200.0,4957501.198870133,289.15,299.59999999999997,348.12
109800.0,4957501.198870133,289.15,299.59999999999997,348.12
110400.0,4957501.198870133,289.15,299.59999999999997,348.12
111000.0,4957501.198870133,289.15,299.59999999999997,348.12
111600.0,4957501.198870133,289.15,299.59999999999997,348.12
112200.0,4934516.872196323,289.15,299.2,441.58
112800.0,4934516.872196323,289.15,299.2,441.58
113400.0,4934516.872196323,289.15,299.2,441.58
114000.0,4934516.872196323,289.15,299.2,441.58
114600.0,4934516.872196323,289.15,299.2,441.58
115200.0,4934516.872196323,289.15,299.2,441.58
115800.0,4911560.204286456,289.15,298.96999999999997,440.75
116400.0,4911560.204286456,289.15,298.96999999999997,440.75
117000.0,4911560.204286456,289.15,298.96999999999997,440.75
117600.0,4911560.204286456,289.15,298.96999999999997,440.75
118200.0,4911560.204286456,289.15,298.96999999999997,440.75
118800.0,4911560.204286456,289.15,298.96999999999997,440.75
119400.0,4915669.134322102,289.15,299.28999999999996,449.83
120000.0,4915669.134322102,289.15,299.28999999999996,449.83
120600.0,4915669.134322102,289.15,299.28999999999996,449.83
121200.0,4915669.134322102,289.15,299.28999999999996,449.83
121800.0,4915669.134322102,289.15,299.28999999999996,449.83
122400.0,4915669.134322102,289.15,299.28999999999996,449.83
123000.0,4960457.86005601,289.15,299.84,295.45
123600.0,4960457.86005601,289.15,299.84,295.45
124200.0,4960457.86005601,289.15,299.84,295.45
124800.0,4960457.86005601,289.15,299.84,295.45
125400.0,4960457.86005601,289.15,299.84,295.45
126000.0,4960457.86005601,289.15,299.84,295.45
126600.0,4963641.630612801,289.15,300.51,324.85
127200.0,4963641.630612801,289.15,300.51,324.85
127800.0,4963641.630612801,289.15,300.51,324.85
128400.0,4963641.630612801,289.15,300.51,324.85
129000.0,4963641.630612801,289.15,300.51,324.85
129600.0,4963641.630612801,289.15,300.51,324.85
130200.0,4963950.533203724,289.15,300.96999999999997,233.12
130800.0,4963950.533203724,289.15,300.96999999999997,233.12
131400.0,4963950.533203724,289.15,300.96999999999997,233.12
132000.0,4963950.533203724,289.15,300.96999999999997,233.12
132600.0,4963950.533203724,289.15,300.96999999999997,233.12
133200.0,4963950.533203724,289.15,300.96999999999997,233.12
133800.0,4965532.525799205,289.15,301.35999999999996,162.38
134400.0,4965532.525799205,289.15,301.35999999999996,162.38
135000.0,4965532.525799205,289.15,301.35999999999996,162.38
135600.0,4965532.525799205,289.15,301.35999999999996,162.38
136200.0,4965532.525799205,289.15,301.35999999999996,162.38
136800.0,4965532.525799205,289.15,301.35999999999996,162.38
137400.0,4967000.90915702,289.15,301.40999999999997,80.95
138000.0,4967000.90915702,289.15,301.40999999999997,80.95
138600.0,4967000.90915702,289.15,301.40999999999997,80.95
139200.0,4967000.90915702,289.15,301.40999999999997,80.95
139800.0,4967000.90915702,289.15,301.40999999999997,80.95
140400.0,4967000.90915702,289.15,301.40999999999997,80.95
141000.0,4968937.804997332,289.15,300.94,10.05
141600.0,4968937.804997332,289.15,300.94,10.05
142200.0,4968937.804997332,289.15,300.94,10.05
142800.0,4968937.804997332,289.15,300.94,10.05
143400.0,4968937.804997332,289.15,300.94,10.05
144000.0,4968937.804997332,289.15,300.94,10.05
144600.0,4968683.463322968,289.15,300.42999999999995,0.0
145200.0,4968683.463322968,289.15,300.42999999999995,0.0
145800.0,4968683.463322968,289.15,300.42999999999995,0.0
146400.0,4968683.463322968,289.15,300.42999999999995,0.0
147000.0,4968683.463322968,289.15,300.42999999999995,0.0
147600.0,4968683.463322968,289.15,300.42999999999995,0.0
148200.0,4970108.969963247,289.15,299.65999999999997,0.0
148800.0,4970108.969963247,289.15,299.65999999999997,0.0
149400.0,4970108.969963247,289.15,299.65999999999997,0.0
150000.0,4970108.969963247,289.15,299.65999999999997,0.0
150600.0,4970108.969963247,289.15,299.65999999999997,0.0
151200.0,4970108.969963247,289.15,299.65999999999997,0.0
151800.0,4970260.851778275,289.15,299.09999999999997,0.0
152400.0,4970260.851778275,289.15,299.09999999999997,0.0
153000.0,4970260.851778275,289.15,299.09999999999997,0.0
153600.0,4970260.851778275,289.15,299.09999999999997,0.0
154200.0,4970260.851778275,289.15,299.09999999999997,0.0
154800.0,4970260.851778275,289.15,299.09999999999997,0.0
155400.0,4972063.033429938,289.15,298.76,0.0
156000.0,4972063.033429938,289.15,298.76,0.0
156600.0,4972063.033429938,289.15,298.76,0.0
157200.0,4972063.033429938,289.15,298.76,0.0
157800.0,4972063.033429938,289.15,298.76,0.0
158400.0,4972063.033429938,289.15,298.76,0.0
159000.0,4970637.702689305,289.15,298.27,0.0
159600.0,4970637.702689305,289.15,298.27,0.0
160200.0,4970637.702689305,289.15,298.27,0.0
160800.0,4970637.702689305,289.15,298.27,0.0
161400.0,4970637.702689305,289.15,298.27,0.0
162000.0,4970637.702689305,289.15,298.27,0.0
162600.0,4968937.804997332,289.15,297.42999999999995,0.0
163200.0,4968937.804997332,289.15,297.42999999999995,0.0
163800.0,4968937.804997332,289.15,297.42999999999995,0.0
164400.0,4968937.804997332,289.15,297.42999999999995,0.0
165000.0,4968937.804997332,289.15,297.42999999999995,0.0
165600.0,4968937.804997332,289.15,297.42999999999995,0.0
166200.0,4967326.72427993,289.15,296.52,0.0
166800.0,4967326.72427993,289.15,296.52,0.0
167400.0,4967326.72427993,289.15,296.52,0.0
168000.0,4967326.72427993,289.15,296.52,0.0
168600.0,4967326.72427993,289.15,296.52,0.0
169200.0,4967326.72427993,289.15,296.52,0.0
169800.0,4965532.525799205,289.15,295.73999999999995,0.0
170400.0,4965532.525799205,289.15,295.73999999999995,0.0
171000.0,4965532.525799205,289.15,295.73999999999995,0.0
171600.0,4965532.525799205,289.15,295.73999999999995,0.0
172200.0,4965532.525799205,289.15,295.73999999999995,0.0
172800.0,4965532.525799205,289.15,295.73999999999995,0.0
173400.0,4966884.253724886,289.15,295.13,0.0
174000.0,4966884.253724886,289.15,295.13,0.0
174600.0,4966884.253724886,289.15,295.13,0.0
175200.0,4966884.253724886,289.15,295.13,0.0
175800.0,4966884.253724886,289.15,295.13,0.0
176400.0,4966884.253724886,289.15,295.13,0.0
177000.0,4961685.314147412,289.15,294.7,0.0
177600.0,4961685.314147412,289.15,294.7,0.0
178200.0,4961685.314147412,289.15,294.7,0.0
178800.0,4961685.314147412,289.15,294.7,0.0
179400.0,4961685.314147412,289.15,294.7,0.0
180000.0,4961685.314147412,289.15,294.7,0.0
180600.0,4963719.1732148975,289.15,294.37,0.0
181200.0,4963719.1732148975,289.15,294.37,0.0
181800.0,4963719.1732148975,289.15,294.37,0.0
182400.0,4963719.1732148975,289.15,294.37,0.0
183000.0,4963719.1732148975,289.15,294.37,0.0
183600.0,4963719.1732148975,289.15,294.37,0.0
184200.0,4959382.357076565,289.15,294.23999999999995,17.23
184800.0,4959382.357076565,289.15,294.23999999999995,17.23
185400.0,4959382.357076565,289.15,294.23999999999995,17.23
186000.0,4959382.357076565,289.15,294.23999999999995,17.23
186600.0,4959382.357076565,289.15,294.23999999999995,17.23
187200.0,4959382.357076565,289.15,294.23999999999995,17.23
187800.0,4963111.201827469,289.15,295.09999999999997,193.77
188400.0,4963111.201827469,289.15,295.09999999999997,193.77
189000.0,4963111.201827469,289.15,295.09999999999997,193.77
189600.0,4963111.201827469,289.15,295.09999999999997,193.77
190200.0,4963111.201827469,289.15,295.09999999999997,193.77
190800.0,4963111.201827469,289.15,295.09999999999997,193.77
191400.0,4995858.40851433,289.15,297.03,416.7
192000.0,4995858.40851433,289.15,297.03,416.7
192600.0,4995858.40851433,289.15,297.03,416.7
193200.0,4995858.40851433,289.15,297.03,416.7
193800.0,4995858.40851433,289.15,297.03,416.7
194400.0,4995858.40851433,289.15,297.03,416.7
195000.0,5017862.825076949,289.15,300.46999999999997,645.5
195600.0,5017862.825076949,289.15,300.46999999999997,645.5
196200.0,5017862.825076949,289.15,300.46999999999997,645.5
196800.0,5017862.825076949,289.15,300.46999999999997,645.5
197400.0,5017862.825076949,289.15,300.46999999999997,645.5
198000.0,5017862.825076949,289.15,300.46999999999997,645.5
198600.0,5024568.449054302,289.15,302.75,827.97
199200.0,5024568.449054302,289.15,302.75,827.97
199800.0,5024568.449054302,289.15,302.75,827.97
200400.0,5024568.449054302,289.15,302.75,827.97
201000.0,5024568.449054302,289.15,302.75,827.97
201600.0,5024568.449054302,289.15,302.75,827.97
202200.0,5026399.5659576915,289.15,303.95,944.45
202800.0,5026399.5659576915,289.15,303.95,944.45
203400.0,5026399.5659576915,289.15,303.95,944.45
204000.0,5026399.5659576915,289.15,303.95,944.45
204600.0,5026399.5659576915,289.15,303.95,944.45
205200.0,5026399.5659576915,289.15,303.95,944.45
205800.0,5025922.5695308065,289.15,304.25,944.4
206400.0,5025922.5695308065,289.15,304.25,944.4
207000.0,5025922.5695308065,289.15,304.25,944.4
207600.0,5025922.5695308065,289.15,304.25,944.4
208200.0,5025922.5695308065,289.15,304.25,944.4
208800.0,5025922.5695308065,289.15,304.25,944.4
209400.0,5038723.070946719,289.15,304.06,890.25
210000.0,5038723.070946719,289.15,304.06,890.25
210600.0,5038723.070946719,289.15,304.06,890.25
211200.0,5038723.070946719,289.15,304.06,890.25
211800.0,5038723.070946719,289.15,304.06,890.25
212400.0,5038723.070946719,289.15,304.06,890.25
213000.0,5062099.444779572,289.15,303.82,747.95
213600.0,5062099.444779572,289.15,303.82,747.95
214200.0,5062099.444779572,289.15,303.82,747.95
214800.0,5062099.444779572,289.15,303.82,747.95
215400.0,5062099.444779572,289.15,303.82,747.95
216000.0,5062099.444779572,289.15,303.82,747.95
216600.0,5064013.539195749,289.15,303.63,512.7
217200.0,5064013.539195749,289.15,303.63,512.7
217800.0,5064013.539195749,289.15,303.63,512.7
218400.0,5064013.539195749,289.15,303.63,512.7
219000.0,5064013.539195749,289.15,303.63,512.7
219600.0,5064013.539195749,289.15,303.63,512.7
220200.0,5062638.675120528,289.15,303.38,306.52
220800.0,5062638.675120528,289.15,303.38,306.52
221400.0,5062638.675120528,289.15,303.38,306.52
222000.0,5062638.675120528,289.15,303.38,306.52
222600.0,5062638.675120528,289.15,303.38,306.52
223200.0,5062638.675120528,289.15,303.38,306.52
223800.0,5065062.801209375,289.15,302.85999999999996,140.8
224400.0,5065062.801209375,289.15,302.85999999999996,140.8
225000.0,5065062.801209375,289.15,302.85999999999996,140.8
225600.0,5065062.801209375,289.15,302.85999999999996,140.8
226200.0,5065062.801209375,289.15,302.85999999999996,140.8
226800.0,5065062.801209375,289.15,302.85999999999996,140.8
227400.0,5064375.723829248,289.15,301.21999999999997,14.82
228000.0,5064375.723829248,289.15,301.21999999999997,14.82
228600.0,5064375.723829248,289.15,301.21999999999997,14.82
229200.0,5064375.723829248,289.15,301.21999999999997,14.82
229800.0,5064375.723829248,289.15,301.21999999999997,14.82
230400.0,5064375.723829248,289.15,301.21999999999997,14.82
231000.0,5066713.429541642,289.15,300.39,0.0
231600.0,5066713.429541642,289.15,300.39,0.0
232200.0,5066713.429541642,289.15,300.39,0.0
232800.0,5066713.429541642,289.15,300.39,0.0
233400.0,5066713.429541642,289.15,300.39,0.0
234000.0,5066713.429541642,289.15,300.39,0.0
234600.0,5067153.395987011,289.15,299.87,0.0
235200.0,5067153.395987011,289.15,299.87,0.0
235800.0,5067153.395987011,289.15,299.87,0.0
236400.0,5067153.395987011,289.15,299.87,0.0
237000.0,5067153.395987011,289.15,299.87,0.0
237600.0,5067153.395987011,289.15,299.87,0.0
238200.0,5065999.952039472,289.15,299.34,0.0
238800.0,5065999.952039472,289.15,299.34,0.0
239400.0,5065999.952039472,289.15,299.34,0.0
240000.0,5065999.952039472,289.15,299.34,0.0
240600.0,5065999.952039472,289.15,299.34,0.0
241200.0,5065999.952039472,289.15,299.34,0.0
241800.0,5068781.531863094,289.15,298.9,0.0
242400.0,5068781.531863094,289.15,298.9,0.0
243000.0,5068781.531863094,289.15,298.9,0.0
243600.0,5068781.531863094,289.15,298.9,0.0
244200.0,5068781.531863094,289.15,298.9,0.0
244800.0,5068781.531863094,289.15,298.9,0.0
245400.0,5075831.7126847375,289.15,298.48999999999995,0.0
246000.0,5075831.7126847375,289.15,298.48999999999995,0.0
246600.0,5075831.7126847375,289.15,298.48999999999995,0.0
247200.0,5075831.7126847375,289.15,298.48999999999995,0.0
247800.0,5075831.7126847375,289.15,298.48999999999995,0.0
248400.0,5075831.7126847375,289.15,298.48999999999995,0.0
249000.0,5085545.916144512,289.15,298.08,0.0
249600.0,5085545.916144512,289.15,298.08,0.0
250200.0,5085545.916144512,289.15,298.08,0.0
250800.0,5085545.916144512,289.15,298.08,0.0
251400.0,5085545.916144512,289.15,298.08,0.0
252000.0,5085545.916144512,289.15,298.08,0.0
252600.0,5068971.900440055,289.15,297.53,0.0
253200.0,5068971.900440055,289.15,297.53,0.0
253800.0,5068971.900440055,289.15,297.53,0.0
254400.0,5068971.900440055,289.15,297.53,0.0
255000.0,5068971.900440055,289.15,297.53,0.0
255600.0,5068971.900440055,289.15,297.53,0.0
256200.0,5058728.691942415,289.15,296.96999999999997,0.0
256800.0,5058728.691942415,289.15,296.96999999999997,0.0
257400.0,5058728.691942415,289.15,296.96999999999997,0.0
258000.0,5058728.691942415,289.15,296.96999999999997,0.0
258600.0,5058728.691942415,289.15,296.96999999999997,0.0
259200.0,5058728.691942415,289.15,296.96999999999997,0.0
