timestamp_s,crack_present,leak_opening_area_m2,h2s_force_missing
0,0,0.0,0
5,0,0.0,0
10,0,0.0,0
15,0,0.0,0
20,0,0.0,0
25,0,0.0,0
30,0,0.0,0
35,0,0.0,0
40,0,0.0,0
45,0,0.0,0
50,0,0.0,0
55,0,0.0,0
60,0,3.1415926535897934e-10,0
65,0,3.1415926535897934e-10,0
70,0,3.1415926535897934e-10,0
75,0,3.1415926535897934e-10,0
80,0,3.1415926535897934e-10,0
85,0,3.1415926535897934e-10,0
90,0,3.1415926535897934e-10,0
95,0,3.1415926535897934e-10,0
100,0,3.1415926535897934e-10,0
105,0,3.1415926535897934e-10,0
110,0,3.1415926535897934e-10,0
115,0,3.1415926535897934e-10,0
120,0,3.1415926535897934e-10,0
125,0,3.1415926535897934e-10,0
130,0,3.1415926535897934e-10,0
135,0,3.1415926535897934e-10,0
140,0,3.1415926535897934e-10,0
145,0,3.1415926535897934e-10,0
150,0,3.1415926535897934e-10,0
155,0,3.1415926535897934e-10,0
160,0,3.1415926535897934e-10,0
165,0,3.1415926535897934e-10,0
170,0,3.1415926535897934e-10,0
175,0,3.1415926535897934e-10,0
180,0,0.0,0
185,0,0.0,0
190,0,0.0,0
195,0,0.0,0
200,0,0.0,0
205,0,0.0,0
210,0,0.0,0
215,0,0.0,0
220,0,0.0,0
225,0,0.0,0
230,0,0.0,0
235,0,0.0,0
240,0,0.0,0
