source_local_time,source_value,source_page,source_unit_text
2002-01-01 00:00,366.5,3,
2002-01-01 01:00,367.54,3,
2002-01-01 02:00,367.1,3,
2002-01-01 03:00,368.94,3,
2002-01-01 04:00,367.63,3,
2002-01-01 05:00,364.57,3,
2002-01-01 06:00,362.3,3,
2002-01-01 07:00,363.34,3,
2002-01-01 08:00,361.37,3,
2002-01-01 09:00,357.81,3,
2002-01-01 10:00,358.1,3,
2002-01-01 11:00,357.85,3,
2002-01-01 12:00,358.47,3,
2002-01-01 13:00,357.65,3,
2002-01-01 14:00,360.27,3,
2002-01-01 15:00,359.96,3,
2002-01-01 16:00,358.45,3,
2002-01-01 17:00,357.42,3,
2002-01-01 18:00,356.65,3,
2002-01-01 19:00,360.04,3,
2002-01-01 20:00,362.05,3,
2002-01-01 21:00,362.88,3,
2002-01-01 22:00,364.62,3,
2002-01-01 23:00,366.09,3,
2002-01-02 00:00,366.55,3,
2002-01-02 01:00,368.01,3,
2002-01-02 02:00,368.35,3,
2002-01-02 03:00,367.14,3,
2002-01-02 04:00,365.08,3,
2002-01-02 05:00,362.44,3,
2002-01-02 06:00,357.86,3,
2002-01-02 07:00,355.8,3,
2002-01-02 08:00,354.61,3,
2002-01-02 09:00,356.32,3,
2002-01-02 10:00,358.51,3,
2002-01-02 11:00,359.06,3,
2002-01-02 12:00,359.5,3,
2002-01-02 13:00,361.36,3,
2002-01-02 14:00,361.39,3,
2002-01-02 15:00,362.35,3,
2002-01-02 16:00,361.86,3,
2002-01-02 17:00,358.52,3,
2002-01-02 18:00,358.0,3,
2002-01-02 19:00,357.85,3,
2002-01-02 20:00,358.88,3,
2002-01-02 21:00,360.47,3,
2002-01-02 22:00,363.36,3,
2002-01-02 23:00,365.35,3,
2002-01-03 00:00,366.97,3,
2002-01-03 01:00,367.46,3,
2002-01-03 02:00,367.15,3,
2002-01-03 03:00,363.78,3,
2002-01-03 04:00,361.87,3,
2002-01-03 05:00,358.03,3,
2002-01-03 06:00,349.2,3,
2002-01-03 07:00,340.33,3,
2002-01-03 08:00,338.1,3,
2002-01-03 09:00,340.48,3,
2002-01-03 10:00,351.74,3,
2002-01-03 11:00,356.7,3,
2002-01-03 12:00,358.54,3,
2002-01-03 13:00,360.52,3,
2002-01-03 14:00,361.93,3,
2002-01-03 15:00,362.3,3,
2002-01-03 16:00,359.64,3,
2002-01-03 17:00,354.71,3,
2002-01-03 18:00,352.71,3,
2002-01-03 19:00,353.16,3,
2002-01-03 20:00,353.94,3,
2002-01-03 21:00,353.89,3,
2002-01-03 22:00,358.29,3,
2002-01-03 23:00,362.14,3,
2002-01-04 00:00,364.52,3,
2002-01-04 01:00,364.52,3,
2002-01-04 02:00,364.32,3,
2002-01-04 03:00,364.24,3,
2002-01-04 04:00,362.31,3,
2002-01-04 05:00,356.47,3,
2002-01-04 06:00,346.62,4,
2002-01-04 07:00,335.07,4,
2002-01-04 08:00,324.12,4,
2002-01-04 09:00,297.6,4,
2002-01-04 10:00,299.43,4,
2002-01-04 11:00,307.05,4,
2002-01-04 12:00,311.97,4,
2002-01-04 13:00,315.14,4,
2002-01-04 14:00,316.27,4,
2002-01-04 15:00,316.95,4,
2002-01-04 16:00,313.76,4,
2002-01-04 17:00,309.17,4,
2002-01-04 18:00,306.03,4,
2002-01-04 19:00,305.58,4,
2002-01-04 20:00,307.51,4,
2002-01-04 21:00,307.92,4,
2002-01-04 22:00,311.24,4,
2002-01-04 23:00,315.38,4,
2002-01-05 00:00,318.08,4,
2002-01-05 01:00,328.16,4,
2002-01-05 02:00,350.61,4,
2002-01-05 03:00,365.5,4,
2002-01-05 04:00,364.98,4,
2002-01-05 05:00,362.85,4,
2002-01-05 06:00,359.59,4,
2002-01-05 07:00,355.78,4,
2002-01-05 08:00,350.22,4,
2002-01-05 09:00,344.62,4,
2002-01-05 10:00,347.14,4,
2002-01-05 11:00,352.92,4,
2002-01-05 12:00,355.22,4,
2002-01-05 13:00,356.52,4,
2002-01-05 14:00,357.98,4,
2002-01-05 15:00,358.59,4,
2002-01-05 16:00,347.98,4,
2002-01-05 17:00,318.82,4,
2002-01-05 18:00,309.51,4,
2002-01-05 19:00,309.41,4,
2002-01-05 20:00,309.96,4,
2002-01-05 21:00,307.19,4,
2002-01-05 22:00,292.76,4,
2002-01-05 23:00,292.61,4,
2002-01-06 00:00,295.03,4,
2002-01-06 01:00,295.24,4,
2002-01-06 02:00,295.68,4,
2002-01-06 03:00,295.95,4,
2002-01-06 04:00,294.59,4,
2002-01-06 05:00,294.36,4,
2002-01-06 06:00,290.04,4,
2002-01-06 07:00,286.2,4,
2002-01-06 08:00,280.89,4,
2002-01-06 09:00,278.53,4,
2002-01-06 10:00,278.58,4,
2002-01-06 11:00,281.34,4,
2002-01-06 12:00,286.09,4,
2002-01-06 13:00,289.51,4,
2002-01-06 14:00,291.93,4,
2002-01-06 15:00,292.72,4,
2002-01-06 16:00,290.89,4,
2002-01-06 17:00,286.63,4,
2002-01-06 18:00,285.04,4,
2002-01-06 19:00,285.61,4,
2002-01-06 20:00,286.14,4,
2002-01-06 21:00,286.52,4,
2002-01-06 22:00,289.78,4,
2002-01-06 23:00,292.57,4,
2002-01-07 00:00,296.68,4,
2002-01-07 01:00,320.77,4,
2002-01-07 02:00,354.35,4,
2002-01-07 03:00,366.3,4,
2002-01-07 04:00,364.38,4,
2002-01-07 05:00,359.39,4,
2002-01-07 06:00,350.1,4,
2002-01-07 07:00,340.92,4,
2002-01-07 08:00,337.61,4,
2002-01-07 09:00,312.7,4,
2002-01-07 10:00,305.99,4,
2002-01-07 11:00,308.95,4,
2002-01-07 12:00,311.81,5,
2002-01-07 13:00,314.2,5,
2002-01-07 14:00,316.43,5,
2002-01-07 15:00,318.02,5,
2002-01-07 16:00,314.98,5,
2002-01-07 17:00,310.63,5,
2002-01-07 18:00,307.8,5,
2002-01-07 19:00,307.86,5,
2002-01-07 20:00,308.88,5,
2002-01-07 21:00,312.04,5,
2002-01-07 22:00,316.65,5,
2002-01-07 23:00,321.14,5,
