timestamp_s,strain_hoop_microstrain,strain_axial_microstrain,temperature_k,wetness_index,packet_valid
0.0,296.9600272806097,69.80485178383528,289.1390933175552,0.007019837250988631,True
600.0,296.31456099054304,68.70399156223161,289.09982786051194,0.005438760179176799,True
1200.0,296.78705407047676,70.00831506600689,289.09363037012673,0.0011050717744383195,True
1800.0,296.4383471995648,69.60545911469995,288.87726297851964,0.0,True
2400.0,296.96134821984145,68.90931771614142,288.9544846027305,0.0049036253259352475,True
3000.0,296.693558769315,69.66712651887157,289.1565258955639,0.011073149786495038,True
3600.0,297.03027298356017,68.89179330677135,288.78423427090115,0.0,True
4200.0,295.82758649665055,69.20430229979955,288.85745061619065,0.0,True
4800.0,296.44617532564644,69.41946726519792,289.02029221721244,0.00818636311543767,True
5400.0,296.63586383943095,69.83055363603907,289.0172307853989,0.013991863970860493,True
6000.0,296.41912387747055,69.93259630326001,289.0164544904831,0.02335754222480548,True
6600.0,296.37368956365685,69.51831822170585,289.03315118502735,0.0,True
7200.0,297.29568590215274,69.57946328159933,288.90472352999586,0.0,True
7800.0,297.0023413896587,69.4472853466589,289.19028496648355,0.001744107275311772,True
8400.0,297.1495825718946,70.88668651381748,289.2081353578229,0.0,True
9000.0,296.0316853273169,70.69828286804798,289.07648193221104,0.0020057422382390787,True
9600.0,296.31480504068077,69.85406983411852,288.94404288571303,0.0,True
10200.0,297.0511334204646,71.49562683787101,289.0552614599657,0.0,True
10800.0,297.40452370907053,70.59504750981844,289.1470229450863,0.0,True
11400.0,295.9992350237562,71.3276136009382,289.0220960723908,0.0,True
12000.0,297.66565700640405,70.39320994659678,289.1767837005086,0.0,True
12600.0,297.06532224691614,69.96301221666029,289.15923211980873,0.0043821731688122615,True
13200.0,297.3681940364197,69.79193102108145,289.1930560624343,0.0,True
13800.0,297.43978855308296,69.72735183242423,289.17502336108316,0.0,True
14400.0,,,,,False
15000.0,296.7797471739587,71.43471407703399,290.5871157570671,0.0,True
15600.0,296.867644384994,71.76358313044967,290.6264904233151,0.0,True
16200.0,296.7413786349799,71.66850769072929,290.47245631152003,0.0,True
16800.0,296.2884110763513,71.72785594035425,290.4116423159824,0.020202673380796416,True
17400.0,296.95423463574525,72.23636075790691,290.4099972831011,0.0,True
18000.0,297.6518217765371,71.72399801229933,290.30845905428623,0.004578503994915399,True
18600.0,297.3167633055114,73.59091826692288,291.47824766858906,0.0,True
19200.0,297.90128852285255,73.65239570973687,291.58632574952856,0.021527952351005242,True
19800.0,297.70119354203644,73.50293154552821,291.544693290169,0.0,True
20400.0,297.91991040804623,73.06518404932912,291.4002451076005,0.0029942315221644093,True
21000.0,297.4587155309121,73.43471961292742,291.44717143640577,0.004406501403106326,True
21600.0,297.18949482414206,72.57619682135869,291.594282556252,0.0,True
22200.0,299.0387660628325,76.13146844506416,292.8429533755651,0.006495597568907195,True
22800.0,299.2585215531134,75.91465379469598,292.85566124608306,0.02266010310650884,True
23400.0,300.0295066202818,75.18987895668027,293.2098066286013,0.011892346259621354,True
24000.0,300.881521625822,75.30101558783586,292.96069655293275,0.0,True
24600.0,300.06603335583713,76.02298521873642,292.96574430455354,0.0035153012503196745,True
25200.0,299.70911189167003,76.53802013856857,292.7788570156673,0.0029253570472426854,True
25800.0,302.2703621988745,77.73147172783287,293.9840317193573,0.0,True
26400.0,302.54066215475643,77.6048754058219,293.8629186119255,0.0,True
27000.0,301.44313490395285,77.39382312991816,294.0280784046673,0.0,True
27600.0,301.9977487094896,77.79429297648251,293.90497949017134,0.0,True
28200.0,302.5847262386066,78.42729625324387,294.0049981210176,0.01343258199476305,True
28800.0,301.38403311598825,78.16460052526259,293.79531483694177,0.0,True
29400.0,303.17722820019014,78.99183944657638,294.74113983695656,0.009089376591623746,True
30000.0,303.07958738552117,80.05585298299698,294.97961137121104,0.004873979264626153,True
30600.0,303.56627795646335,79.50052118232513,294.94591970765396,0.007641131059289355,True
31200.0,304.20978695491533,78.7076717115832,294.8822632278701,0.004283365383682873,True
31800.0,303.40643701972283,78.58933549261513,295.0509888139693,0.0,True
32400.0,303.6088061220981,78.83392237361362,294.82249794604473,0.0,True
33000.0,304.72648709855116,80.33556501465007,295.27102093255996,0.0,True
33600.0,304.55432549862866,80.03324346757873,295.3001560328268,0.0,True
34200.0,305.36322479625954,79.75694352024763,295.4421345574736,0.005751854848411957,True
34800.0,305.58057705311444,80.25100944538042,295.33470928168884,0.0,True
35400.0,304.29241019915816,80.16592828330411,295.4016421165485,0.00024016736452472047,True
36000.0,305.0318611103373,79.96476280367433,295.4419839891535,0.0,True
36600.0,305.1111332852743,80.73217781664663,295.5315634482742,0.0,True
37200.0,305.0852495260541,80.36209098097254,295.4085671597003,0.004657647909141831,True
37800.0,305.18142988301537,80.15346398601491,295.3424748953953,0.0,True
38400.0,305.7104613668086,79.43756428781688,295.44586790684815,0.0,True
39000.0,304.89577586168025,79.86272613124153,295.5511469842719,0.0,True
39600.0,304.91372660720214,80.028230978749,295.4231129598959,0.0,True
40200.0,304.3921095960847,79.48222245528316,294.93974497435454,0.0,True
40800.0,304.23258862159537,79.38322312606418,294.95496897731846,0.0009705028180989634,True
41400.0,304.95116619395554,78.74604455213147,294.86975922274786,0.014084076683976238,True
42000.0,304.8564967976687,79.51013343502471,294.9233196404449,0.0,True
42600.0,304.7793584961885,80.8659658158047,294.88446520306974,0.004767816710984592,True
43200.0,304.16200489877644,79.58470596810673,294.78913594050044,0.0,True
43800.0,302.6746098355646,78.3320621507851,294.03734647612896,0.0,True
44400.0,302.06251016195654,78.2104232124994,294.0349148361373,0.0,True
45000.0,303.3676069590761,78.6952342126955,294.0021829971991,0.007601510947806032,True
45600.0,302.89642765785703,78.07850777349664,294.00026404032513,0.0095434370804537,True
46200.0,302.8081347147548,78.60700107663932,293.8322214379325,0.011381579613281392,True
46800.0,,,,,False
47400.0,300.76500351745347,76.85658706221443,292.7227936423459,0.0,True
48000.0,300.284444295361,76.4576158446352,292.61071216233955,0.0036076315321198916,True
48600.0,300.627669606875,76.45970851573655,292.66029637199404,0.0,True
49200.0,300.938743211255,75.53845465885296,292.77584884748825,0.0,True
49800.0,301.02335049785194,76.15316296166108,292.64311947493724,0.003029278464746798,True
50400.0,300.08425150949125,76.5736203463213,292.8567635328078,0.01450809544896753,True
51000.0,298.4278132318506,74.93877885914804,291.817603304961,0.0005808000774242068,True
51600.0,298.7011924293622,74.44246787699605,291.7764413993176,0.022495743664943505,True
52200.0,298.7279012159283,74.16189549273693,291.7225393681785,0.0,True
52800.0,297.66187884454195,72.7277655658053,291.4512674308882,0.0,True
53400.0,297.57606427047114,73.19807003967992,291.41048672941986,0.0,True
54000.0,298.79773033438795,73.31333291167525,291.51193481319865,0.001227410454024315,True
54600.0,295.92688857120703,71.07484049654248,290.2665171537189,0.0,True
55200.0,296.4245868364071,71.66256394184761,290.3608565991727,0.008696072200033855,True
55800.0,296.42322531882036,71.88855916425688,290.3411336249346,0.0,True
56400.0,295.6833631981851,72.00044295321672,290.33273818322664,0.003436850178678997,True
57000.0,296.5842397446597,71.3216021363962,290.32382439662956,0.0,True
57600.0,296.1891724365619,71.58751168496521,290.2890340485353,0.01342933001549973,True
58200.0,295.96727554519697,70.72669865627985,289.96393089466244,0.0,True
58800.0,295.55571166261046,71.11087367932049,289.95372002127266,0.0009522091980203824,True
59400.0,295.20392983516183,70.40746984416461,290.03043658715677,0.009663150929565772,True
60000.0,295.2666814210678,70.63799007913852,289.89057152976426,0.007964127942380366,True
60600.0,295.19657703778,70.55700519210038,289.93136847366753,0.0007656077367213306,True
61200.0,295.4516462766064,71.17083165230729,289.97683913833214,0.0,True
61800.0,295.38232691367875,70.32567580554894,289.8702168101723,0.0009738787673445877,True
62400.0,295.65564317773527,70.50177119793183,289.7543696186143,0.0,True
63000.0,295.2901225317371,69.34274018249266,289.83798539644687,0.001927456744124019,True
63600.0,295.69687912822906,70.82772656485304,289.7852834472021,0.0,True
64200.0,295.29823903988523,70.3101102302326,289.71086937731167,0.0,True
64800.0,295.72147901924967,69.35304427005745,289.840481522774,0.0014328397410029257,True
65400.0,294.8724411321289,69.36946545667696,289.81555320054224,0.009580833136808097,True
66000.0,292.5239629414294,69.23506827505906,290.05332919157286,0.010280001502907029,True
66600.0,290.13332892743307,69.22865582281361,290.13575970426564,0.0,True
67200.0,287.462695505855,69.10746546823913,289.89247096678133,0.0,True
67800.0,285.4857610816055,68.19869545294135,290.0682822479391,0.0,True
68400.0,282.88112682838425,67.2481004064043,289.9425911309031,0.0,True
69000.0,280.70441252156553,66.51273203819817,289.8412203320128,0.001106990432736718,True
69600.0,277.981296721113,67.41574768157363,289.9450207777592,0.0,True
70200.0,275.59963719592025,66.72136255620681,289.87194892303177,0.0,True
70800.0,273.3176063084553,65.31368206156976,289.9722050126226,0.01737696573143212,True
71400.0,271.2648622195906,64.29051257818232,289.9486507158256,0.0014090817760444997,True
72000.0,269.001030305133,64.53504003019752,289.7815754896264,0.0012081959865251862,True
72600.0,265.4744787829125,63.202802542552774,289.90193272096,0.0,True
73200.0,263.01083174319217,62.532757639305736,289.8217008990209,0.0,True
73800.0,259.97688518727523,62.685320229284336,289.82821006991315,0.01361454662052207,True
74400.0,258.12386153586823,62.1273697233315,289.9211704311424,0.004721508744910259,True
75000.0,255.81160419896221,60.98373980890531,289.9459463556323,0.011251102076771595,True
75600.0,253.94835425866086,60.50904703184529,289.9179811968728,0.00450456882026013,True
76200.0,251.34857497446453,60.638061415052064,290.24581401342203,0.0010973263091055138,True
76800.0,249.40068511601274,59.75423709330975,290.1373240122075,0.0,True
77400.0,245.4301776755675,59.25720300748163,290.03311713674157,0.0,True
78000.0,243.722285299247,58.772625606099,290.21492384757045,0.0,True
78600.0,241.19055103247626,58.16852603918461,290.1248275204197,0.0,True
79200.0,238.4849883033646,57.301363621810644,290.17831986646695,0.0,True
79800.0,235.54684679065977,56.17955627052456,290.11307609509663,0.012018513238526117,True
80400.0,232.77954388334692,56.37347897923859,290.1733252219004,0.0,True
81000.0,230.54650175715346,55.08701868520112,290.165302343551,0.0,True
81600.0,,,,,False
82200.0,225.7668397422886,54.50445054308619,290.07279198942024,0.007014022829668722,True
82800.0,223.70041575937273,53.2904943287635,289.99667254211147,0.0,True
83400.0,220.90474545509244,52.59988562035975,290.20961105259187,0.0,True
84000.0,218.26050059084372,51.641864805955784,290.1662719214448,0.0,True
84600.0,216.1164015524377,52.595590540405034,290.0667265789964,0.0,True
85200.0,213.72168862363316,50.84736524300178,290.2281799074528,0.0,True
85800.0,211.68191694942703,50.79658596895134,290.0737685183025,0.00365391232010023,True
86400.0,210.23483305075447,50.92565100717346,290.1874820336649,0.0,True
87000.0,296.0088781071282,70.88211675379203,290.05431769074346,0.0028442682183874614,True
87600.0,294.5394400775712,70.89255293344554,290.1004042681777,0.0,True
88200.0,294.5691743644398,70.3385039316085,290.13237220814614,0.005016266283566669,True
88800.0,294.4873672134687,69.80663670809986,289.99020835093586,0.013488906463814508,True
89400.0,295.78158980021647,70.24534648823693,289.931600097852,0.0,True
90000.0,294.6183124921961,71.79951950796955,289.92541341262444,0.006809434559506826,True
90600.0,294.44738255146257,70.23875401844302,289.86945914207706,0.003342063168121408,True
91200.0,294.7973926676506,69.77692827066033,289.9343457137498,0.0,True
91800.0,295.31430735883634,70.14168730894102,289.9274692802906,0.0,True
92400.0,294.6643770562262,70.21670420532568,290.0095214653949,0.01061285612072863,True
93000.0,296.08816412872835,71.30500791457976,290.0515427199184,0.0,True
93600.0,295.38396662813835,70.1778530515344,289.9425121745506,0.0,True
94200.0,295.63974786749714,69.36445766171312,290.03665508865254,0.012649745273902504,True
94800.0,295.5222712021843,70.10035953040592,290.1764403848051,0.0,True
95400.0,295.1088121839986,70.03002274565016,290.16897653993965,0.0,True
96000.0,294.8153432228629,70.91099712692234,289.75155503385525,0.0,True
96600.0,295.20364643786405,71.17312679024211,289.9072881579146,0.010474430954826721,True
97200.0,294.50399979545494,70.85533808707036,290.06526486789335,0.014329300628070528,True
97800.0,292.9706651729779,71.10096796357323,290.23269671644323,0.004475220639837497,True
98400.0,293.14135501399363,69.94555982491876,290.00954727643676,0.0,True
99000.0,292.858387763851,70.16629737659605,289.92777063095184,0.0,True
99600.0,293.30757781911626,69.8313606777258,289.93543781114795,0.0,True
100200.0,292.4228798775485,70.52240983095925,290.10617910511684,0.009287300727778442,True
100800.0,292.4516741485827,70.91672991516428,289.9652620670254,0.0,True
101400.0,291.40569884793814,70.16507538619705,290.4498208197342,0.014550543167451977,True
102000.0,291.39074853544764,70.30945672842847,290.64940622019185,0.00588647904010331,True
102600.0,292.0996573842346,70.41257957863733,290.52184454844047,0.001835030342010924,True
103200.0,291.7985444784341,70.06506335863654,290.46409429913524,0.0,True
103800.0,291.48560853507814,69.98512389880405,290.4867274660324,0.003970322617134769,True
104400.0,290.5109369682533,70.01065029698825,290.54922670303637,0.0035542114521006974,True
105000.0,289.9785859277337,70.88177099466654,291.3456014293707,0.0,True
105600.0,290.39033302312635,71.61618044537573,291.49364253971595,0.00106641987264335,True
106200.0,290.3432354500087,71.11628569701593,291.26085287204313,0.0032966279301915383,True
106800.0,290.1284980706974,70.87917668748499,291.29834263526953,0.019319897429765715,True
107400.0,289.9947924531555,71.59926315384845,291.31620206816905,0.012984454222476585,True
108000.0,290.79894602895456,71.35140246391116,291.45172184863446,0.0,True
108600.0,289.62578332157995,71.69144609212721,291.90288862331306,0.0,True
109200.0,289.12731448761707,72.01318420215513,291.8484509338195,0.017448396601192767,True
109800.0,289.66099212920676,72.60417563974283,291.7691560097739,0.0,True
110400.0,289.67991466900617,71.37686781533586,291.71345911145914,0.0,True
111000.0,289.99769566161825,72.4108599879409,291.70940792651044,0.0,True
111600.0,290.0251049115276,72.90558353810776,291.8717055515384,0.004753783269946675,True
112200.0,290.352852914722,72.63059162200241,292.51927132041396,0.0,True
112800.0,290.2358791522147,72.13605478238156,292.4573157520971,0.0,True
113400.0,290.89259588530945,73.3626021965245,292.5494499884466,0.02016013383395143,True
114000.0,289.86021849668737,71.42302100693556,292.57931240035003,0.0,True
114600.0,289.89539726440233,72.30759684645793,292.30688138720717,0.0,True
115200.0,289.5772741614044,71.99031044284219,292.45970541897844,0.0,True
115800.0,288.6962432032521,72.48782467945485,292.57177536760554,0.0,True
116400.0,288.7797835229663,72.6889103837975,292.5797468429334,0.0,True
117000.0,288.53758455471154,72.69960702012698,292.56380873998796,0.0,True
117600.0,289.5530319985029,73.14210478635117,292.55275357867504,0.008277969278090205,True
118200.0,288.86655386559306,71.46122026302723,292.3386766887617,0.008012176983888782,True
118800.0,288.58777088686514,72.42151273122444,292.33669873256764,0.0006850001191677457,True
119400.0,289.55605760734556,72.78498059700412,292.25443382734574,0.00854086105415274,True
120000.0,289.82775083791574,73.16800211978473,292.195549640292,0.0,True
120600.0,289.0211559443761,72.99755915607827,292.5804719919968,0.013479096073774685,True
121200.0,288.7489800873562,72.17448208894935,292.503897882572,0.0,True
121800.0,289.0705414399672,72.86291512594788,292.47132347626814,0.0,True
122400.0,289.215467381349,73.07605853190877,292.55849394557134,0.0,True
123000.0,290.40284661042494,72.01510467725453,291.72228618246834,0.0,True
123600.0,290.25970970902586,72.17285690972788,291.66276659733467,0.0,True
124200.0,290.33652270592506,71.5656263686907,291.63721081926303,0.0055350965861936385,True
124800.0,290.23188070999544,71.19702209132963,291.65627314391924,0.0,True
125400.0,290.0075362929455,71.70167929100158,291.4269036344703,0.0,True
126000.0,290.4012302395691,70.85952526702859,291.5097871151625,0.0,True
126600.0,291.81508605111236,72.74220732986176,291.9466583795416,0.008822151088797728,True
127200.0,291.60229244404115,72.69735002698975,292.19316192030004,0.006655320669543341,True
127800.0,291.2809227333765,73.46761812703971,292.0413497578811,0.0,True
128400.0,290.7958337376344,72.83311799988785,292.05853242568503,0.0,True
129000.0,291.6553911211247,72.24138046304483,292.11588018214195,0.0,True
129600.0,291.062855069575,72.79638351763504,292.0516436659954,0.009320941366718141,True
130200.0,291.09664286782527,72.46710438785077,291.64247058657395,0.0,True
130800.0,290.90492758216635,72.09542520512514,291.7052132845095,0.0,True
131400.0,290.6490709662018,71.22006462770938,291.5751089567907,0.0,True
132000.0,290.54135527756654,72.15810583035946,291.5834254412681,0.011770740713435708,True
132600.0,291.16888874184554,71.54921601725145,291.8030395384393,0.0,True
133200.0,290.4663446150529,71.84515131957926,291.6782441942974,0.0,True
133800.0,290.53454394582286,71.2519485957976,291.409518272734,0.0,True
134400.0,291.06028397746445,70.46674725539567,291.45595832502164,0.0,True
135000.0,291.5351779285215,71.59713010793222,291.4465031209046,0.0,True
135600.0,290.39546553213916,71.23579587894169,291.40184361627706,0.0009351148585756957,True
136200.0,289.83751880473574,71.3656085053159,291.4859001424005,0.011017858956261836,True
136800.0,290.1709805241216,71.25136164318084,291.33717344967806,0.004407301786094617,True
137400.0,289.33257354106763,69.9069419638448,290.84765461116837,0.0,True
138000.0,289.76023415217844,71.12504987789251,290.8427962824071,0.0,True
138600.0,288.955147771015,70.85839738259736,290.8549542437386,0.016593243753967774,True
139200.0,288.9603053608386,70.92865937174304,290.8321571875667,0.0,True
139800.0,289.7945445250625,70.91066260374906,290.8668730961486,0.0,True
140400.0,289.5541172640055,71.02707693977028,290.88066479660813,0.008912922446426618,True
141000.0,288.41255369146836,69.37870526021989,290.1374405481087,0.01066185012819445,True
141600.0,288.72587162275425,68.6941048131243,290.39096401790243,0.008704334283821108,True
142200.0,289.454509004543,69.46866755488189,290.3509129544518,0.0,True
142800.0,288.3764689729956,69.00187277487882,290.27500516168584,0.001359449473427494,True
143400.0,288.5046270785992,68.7569454251509,290.3532327347756,0.0,True
144000.0,288.51948797403384,69.04946093423456,290.15915819857736,0.0,True
144600.0,287.6825805554382,69.36671186233173,289.9359756589392,0.0052597844706597854,True
145200.0,288.16864782690516,69.44481003371834,290.0425720980538,0.0,True
145800.0,288.20778134634855,68.26465066408262,289.9937880323489,0.005606579655286646,True
146400.0,287.1758543243985,68.34928180499725,289.94510052439165,0.0,True
147000.0,286.81146115826846,68.8932653785795,289.9762296838877,0.0,True
147600.0,286.91955047101993,68.6974226897901,289.8369496082828,0.0,True
148200.0,287.44415528233424,68.77562364793194,289.6911183278128,0.0030168682166743194,True
148800.0,288.00365573224013,68.8705810880071,289.73216388415966,0.010186033766185786,True
149400.0,287.6685126316218,68.5213755082142,289.90730934142266,0.0,True
150000.0,286.9601607743014,68.59815229813772,289.65208067293975,0.0,True
150600.0,286.5156203049435,68.91501845752256,289.7146937003664,0.0,True
151200.0,287.3772889929716,68.84336288890954,289.94416178753903,0.012968035024879468,True
151800.0,287.1362666638295,67.93195119450309,289.75502539278637,0.006669822916069588,True
152400.0,286.6807839968174,68.55529781851904,289.75245045693043,0.008115132728378955,True
153000.0,286.771043916785,68.70231146412526,289.55960867770636,0.0,True
153600.0,287.3632213073423,68.57826221844105,289.62742861908487,0.0,True
154200.0,286.6912586092212,67.57798228756889,289.7375562778259,0.0,True
154800.0,287.4340483114585,68.61842015179184,289.84647354432445,0.0,True
155400.0,286.45288258023396,67.85693384669118,289.69070519690575,0.009049689020090542,True
156000.0,287.47256826731734,67.67572055505559,289.7697222704041,0.0,True
156600.0,286.6979400464587,68.19568588297538,289.62677974723096,0.004387192600952164,True
157200.0,287.38367975388184,68.72423427801462,289.7875332932785,0.0,True
157800.0,287.5039537343224,68.67127346348163,289.73795460269713,0.0,True
158400.0,287.9185143312638,67.63703041008134,289.7890471709864,0.002129248467187966,True
159000.0,287.6937096049702,68.60307460200043,289.79718137508297,0.016071454172648096,True
159600.0,287.4516069866035,68.17946466339973,289.6110388331495,0.003926222752782189,True
160200.0,287.338239586994,68.89910253528747,289.63156183093344,0.016217473850004736,True
160800.0,286.8620324828957,68.42431113048274,289.71080788802476,0.0,True
161400.0,286.3774284000388,69.2956752613329,289.79548440672926,0.0,True
162000.0,286.6398011623821,68.99849255565051,289.88039847280305,0.0,True
162600.0,286.99090027563005,68.50918150022697,289.44805511166226,0.0,True
163200.0,287.62883977282235,68.73183735931909,289.56193174452227,0.0,True
163800.0,286.8505018156324,69.26307781567635,289.6005615579111,0.008571885608483678,True
164400.0,286.9406807824736,68.84513543278563,289.5317861077014,0.0018846661891450604,True
165000.0,286.5057087425331,68.22868972742388,289.626300669626,0.0,True
165600.0,287.62744839764423,67.71556112721525,289.4482824567479,0.0,True
166200.0,286.38932373497096,68.57421686598886,289.33512169459414,0.0,True
166800.0,286.3584442635106,67.90317942146072,289.42603595831855,0.00367143500143,True
167400.0,285.650530311846,67.51807215030978,289.331523581996,0.0,True
168000.0,286.21363644543635,67.82508507659576,289.20698995837097,0.008579252643871412,True
168600.0,287.1903070203377,68.42328440177975,289.3199493408882,0.0,True
169200.0,286.58383238846443,68.133152817202,289.23500102940403,0.00594106177561087,True
169800.0,285.3336900291891,67.75571509910355,289.3600695016112,0.013890768855614006,True
170400.0,285.2001407328886,67.27197482960484,289.3194743915774,0.0,True
171000.0,285.06881410777413,67.40432460620995,289.26199901285617,0.0,True
171600.0,285.8347737711963,66.86385397366062,289.16137215976397,0.0,True
172200.0,285.8390749959464,66.7545640978449,289.2743821711859,0.0034557685545188394,True
172800.0,286.2669871219534,67.93013363292049,289.03123962101307,0.0033991845843155074,True
173400.0,285.94369314004786,67.09363841799683,289.0543904139758,0.0,True
174000.0,286.13129922299174,67.19532905728839,289.2787535489846,0.0060577914113838505,True
174600.0,286.46780008836083,67.08676913508091,289.1002072574514,0.0167268575083222,True
175200.0,285.3920403294164,67.77497667282572,289.12645032820757,0.0,True
175800.0,285.0139066710153,68.00294598477232,289.06443463012585,0.0,True
176400.0,286.1986231193585,67.19601064149374,288.8381813547879,0.00035353973686537155,True
177000.0,285.7912481296536,66.28086596431224,289.11478063453967,0.006463101842148282,True
177600.0,285.1099919498319,66.74295847449693,289.1826316051748,0.007090854303742486,True
178200.0,284.9751723209946,66.64691947836914,289.0362887400865,0.0,True
178800.0,285.67364258445286,66.60511594536803,289.1192161316677,0.0,True
179400.0,285.6837842896343,66.86746562068161,288.9968441289566,0.0,True
180000.0,284.98309185719535,65.88869900087987,289.11643771380756,0.010689533852881405,True
180600.0,285.6168767846786,66.81250128799225,289.0480651885449,0.0,True
181200.0,284.93793058165835,66.68349668233184,288.91949441630595,0.0,True
181800.0,285.4641979885253,66.29419002979739,288.8997811323559,0.0,True
182400.0,285.51751272238073,67.09453204295765,288.9825164955644,0.0,True
183000.0,285.1742040813656,66.86995682441503,289.002536176533,0.01085003627889162,True
183600.0,285.21693537218124,68.03375016816136,288.96337923622093,0.0002826887167949315,True
184200.0,284.40832324738983,67.6460076516939,289.075338420908,0.001449303925268744,True
184800.0,285.5151031429321,66.88898827882218,289.09607157241885,0.002999116083596886,True
185400.0,286.2338941547556,66.4869560252552,289.0673408951922,0.0,True
186000.0,285.79379654018237,66.44774851342012,289.16236587503676,0.004627280308257813,True
186600.0,285.57578427294067,66.89268657100726,289.0452645390044,0.0,True
187200.0,284.8649122480135,66.87620346740046,289.18271239241807,0.004435576918350449,True
187800.0,287.2009656085351,68.29233867113683,290.17787881132296,0.0,True
188400.0,288.19949635489854,68.79711394964781,290.0220764936487,0.004667894656183759,True
189000.0,288.30476544343236,68.41098970491679,290.0902984257665,0.0,True
189600.0,286.7289653562807,69.36701300722804,290.19092312378683,0.0017568029694849006,True
190200.0,287.61646804284766,69.48749451463334,290.1407950898395,0.0,True
190800.0,288.3214480656836,68.55876339076981,290.1530633978792,0.014198589871443196,True
191400.0,291.99462652763845,71.79357488321526,291.2857304435475,0.0,True
192000.0,292.0400781556228,71.67271946432572,291.3060168274783,0.0,True
192600.0,292.11091665041596,71.20292813280798,291.4036260114569,0.0,True
193200.0,291.37255905023443,71.1364075071315,291.31500217233963,0.0,True
193800.0,291.2603604523808,71.1809202521308,291.33808611057907,0.0,True
194400.0,290.7270408639724,71.7253675809904,291.3665189940167,0.0,True
195000.0,295.3650192509327,74.33861376309083,292.5880089534084,0.000667388675627414,True
195600.0,294.9707990205643,75.04889009980118,292.6443055063798,0.0,True
196200.0,295.49125504861024,74.79520017979998,292.5931101254325,0.0,True
196800.0,295.2326751054832,74.76574114063557,292.72886467062386,0.004731679155145285,True
197400.0,294.9443683961152,74.14678897447062,292.72774070443086,0.0,True
198000.0,294.78902666750605,74.06944316036717,292.69868508228166,0.0,True
198600.0,296.5086752481605,75.75780792548322,293.74153213341737,0.0034974449646366854,True
199200.0,297.3456807949564,75.81909096242634,293.54337823048786,0.0025706805218789174,True
199800.0,297.69314059864223,75.40715059713644,293.4017409618607,0.0022794303494782144,True
200400.0,296.31446846055377,76.23129389088105,293.4693469864535,0.0,True
201000.0,296.4419536458523,76.34217826673503,293.54869451260384,0.011934254065543767,True
201600.0,296.151222156837,75.96970866536633,293.4674978643553,0.029537792641399316,True
202200.0,299.23809659513995,78.07598305300357,294.06215988313664,0.011006519705659433,True
202800.0,299.45971898675197,77.1214021221086,294.2258282986285,0.011323575308822444,True
203400.0,298.9851658226932,77.30042571286108,294.1651006862827,0.009823410355985343,True
204000.0,298.17112973484205,76.89566615004263,294.1446808817063,0.012159778500722836,True
204600.0,299.27334968091645,77.13248819145414,294.1771091595628,0.008625920833918844,True
205200.0,297.93820809790986,77.071907298212,294.15514415264283,0.017499952740061272,True
205800.0,298.2134992161606,76.44011367690103,294.2622618788041,0.0,True
206400.0,298.80345073256797,77.36695100846528,294.14415602564594,0.0041537696848543025,True
207000.0,299.0655550632471,77.01877888731505,294.3496263404962,0.0,True
207600.0,298.54307615661713,77.08966274697298,294.44390236360033,0.0,True
208200.0,300.0766384473123,77.83248553500276,294.44749441201225,0.0012454630918667746,True
208800.0,299.6501952002822,78.35707743354696,294.29034531089616,0.009219951214159729,True
209400.0,300.9202847502529,77.94804879559248,294.664315430118,0.0020792855566649365,True
210000.0,300.07728046861155,78.98319371169684,294.5669274456552,0.0,True
210600.0,300.6135785978594,78.30713325757908,294.5282101728806,0.013633907174247782,True
211200.0,299.870748776252,77.81664489316788,294.5737836681443,0.0,True
211800.0,299.8634744196205,78.18394067260851,294.71337910300605,0.0,True
212400.0,300.39167250594704,79.12026539334263,294.6230237225682,0.008452578464582505,True
213000.0,301.4729091840384,78.23293394330972,294.5015167722599,0.010414411644294153,True
213600.0,302.23901542200366,78.28677121283235,294.5878218173795,0.0,True
214200.0,301.31604819018565,79.1670398752414,294.3752458156454,0.008886761266686524,True
214800.0,300.98694378865804,78.63272231742523,294.17185559252835,0.0,True
215400.0,301.6882019450858,78.9972773773952,294.28993029721715,0.0,True
216000.0,300.7026306404666,78.42030070118236,294.4716928463143,0.0033445785491717575,True
216600.0,300.43802605639587,77.42139431043168,293.58148826949906,0.0004115491878719242,True
217200.0,298.9099098719981,77.53286021054828,293.5380720050913,0.0,True
217800.0,299.99647311513564,76.84264488170051,293.3203110480277,0.0,True
218400.0,299.25297153547285,76.53033378725378,293.3683907171914,0.0,True
219000.0,300.10579618436157,77.64334590034744,293.5156199116891,0.02005798008843776,True
219600.0,299.35959809430216,77.30838178161648,293.67723601702517,0.0,True
220200.0,298.2070606032197,75.40150403595129,292.57124135819487,0.0,True
220800.0,297.78876700891425,76.67028350586449,292.4427025393394,0.0,True
221400.0,298.36489821488334,75.05870795598767,292.5456091754684,0.004576768504275326,True
222000.0,297.78946885998494,75.2771198181047,292.61191662312945,0.015039905960636602,True
222600.0,297.28903278351174,74.8838522664776,292.64979219328495,0.01757380345671838,True
223200.0,298.2139107723136,74.62384276695222,292.69494305249253,0.007711621237366315,True
223800.0,297.06323157616214,73.98560691949994,291.7196366695697,0.007773304930124796,True
224400.0,296.71991578651625,72.46189856362014,291.6318458699415,0.0151749245092277,True
225000.0,296.2111193192468,72.77045804964825,291.71176387897833,0.0019087245072163667,True
225600.0,296.0591499708798,73.77654857312528,291.80322099925286,0.0,True
226200.0,297.3156270580314,74.38736343391746,291.6629432086342,0.01326046049950203,True
226800.0,296.9485333394513,73.98611524330487,291.6707659707793,0.0,True
227400.0,294.2722195183306,71.66992986363685,290.50263075282686,0.0,True
228000.0,294.4785827846513,72.392221288562,290.6263450299933,0.0,True
228600.0,294.47136323480214,71.54732203739141,290.59276502787736,0.0,True
229200.0,293.8897170297567,71.54729415579023,290.6698260803845,0.007210115254683419,True
229800.0,294.6594647807197,71.79106915066498,290.5967467925687,0.0,True
230400.0,294.76006139186336,71.11592491270547,290.51133912403077,0.0,True
231000.0,293.41405585556237,71.28010245101926,290.33263607106613,0.0,True
231600.0,294.0098401088466,70.50004311963853,290.44600795928966,0.0025803616134093266,True
232200.0,295.29442479124333,70.95051822059283,290.58993551969274,0.009791002238757361,True
232800.0,293.70358639613625,71.53765721831658,290.4385236441108,0.0,True
233400.0,292.73902038114727,71.93961269566628,290.2350483848417,0.013587113087035694,True
234000.0,293.37038074992216,71.8038894375758,290.27642120063774,0.0,True
234600.0,293.52099649391226,71.16001037634408,290.0371855197269,0.0,True
235200.0,293.76536762948626,70.85456004027886,290.22337158781687,0.00119847106147557,True
235800.0,293.23107887054294,70.59088939931877,290.2122403358593,0.0,True
236400.0,293.5197539098223,71.84326347416898,290.1696886817801,0.0,True
237000.0,293.0327693235374,71.36115510267383,290.18163655485415,0.0,True
237600.0,293.7683491021508,70.93480974535554,290.0462623264033,0.0,True
238200.0,293.3489624786771,69.89453313033536,289.95415932269833,0.006965662087686448,True
238800.0,293.88872636479,70.42403959621478,289.9206388736844,0.01783689915136641,True
239400.0,293.1795246672978,70.9330508715745,289.9180695138828,0.0,True
240000.0,293.76285116976413,70.99882249310814,289.97288141347855,0.008314925300419137,True
240600.0,294.3881505136838,70.12762942101767,290.0856055537785,0.0,True
241200.0,292.2457675543262,70.30995877689979,290.1278348593162,0.0,True
241800.0,292.68920664601063,70.42278667387663,289.8536830586334,0.007835055147254274,True
242400.0,292.05783777180164,70.17316786099614,289.7310044748908,0.014891447450457528,True
243000.0,293.4176027974884,69.64834077551416,289.8775971236874,0.0,True
243600.0,293.16314922778236,70.1952290397126,289.65058807309487,0.0,True
244200.0,293.7551269650295,70.40642981280303,289.7673301119831,0.007360544364688704,True
244800.0,292.420633780988,69.41650235792277,289.8252411296658,0.015674077665995358,True
245400.0,292.487342604183,69.36650307044684,289.654865619128,0.0,True
246000.0,294.1242923977327,69.68628156534027,289.6406801649477,0.0,True
246600.0,292.946477766536,69.69154263732155,289.53815301949,0.0,True
247200.0,292.27135914260333,69.37251217509184,289.48163943417904,0.008417791693258408,True
247800.0,292.89559945538116,70.16687766660405,289.51426439857374,7.794805046414428e-05,True
248400.0,292.14280263783417,69.91839668533738,289.6463946690609,0.0,True
249000.0,292.99952233679306,69.53683799441106,289.56159420483965,0.006169944211079029,True
249600.0,292.94772335310233,69.34017869709628,289.5626352671832,0.00731741763658122,True
250200.0,293.6749661194322,69.04656611453116,289.4285730510033,0.0,True
250800.0,294.0875198905136,68.33713859019396,289.4141678337744,0.0,True
251400.0,293.6980576648505,69.05856206418753,289.4618557189604,0.0,True
252000.0,292.8594274509082,69.30567088566927,289.51640016556115,0.0009462460132282482,True
252600.0,292.92393119397843,68.89249118396309,289.4221526348355,0.0,True
253200.0,292.5516293727676,69.8826076932216,289.5268032177133,0.0006815024693528814,True
253800.0,291.8536127588571,68.83008107663822,289.34807299668915,0.0,True
254400.0,292.87027434395185,69.13541152070874,289.5160431926232,0.0009134206751589977,True
255000.0,292.5438299395447,69.1578675061842,289.48637021606163,0.0,True
255600.0,292.58497352667695,69.05003312601669,289.4694913930858,0.0032304122103894986,True
256200.0,290.78218415168885,68.72913046745668,289.33887811954946,0.009996981134687727,True
256800.0,290.91821935185493,69.20943930733378,289.40642493166905,0.0,True
257400.0,291.88359688720146,68.37227422608686,289.45412515231243,0.0,True
258000.0,291.21414288885137,69.2152266832307,289.37233033222543,0.00047586928565514604,True
258600.0,291.0086804470133,68.95680205462868,289.3704268843928,0.0,True
259200.0,291.98604590029,69.24328116192099,289.40805104350403,0.0018208490561077103,True
