timestamp_s,pressure_pa,fluid_temperature_k,ambient_temperature_k,sky_temperature_k,solar_w_m2,solar_incidence,h_inner_w_m2k,h_outer_w_m2k,wet_drive,wet_path_open,drying_rate_multiplier,bending_moment_nm,bending_direction_rad,hoop_coupling_multiplier,axial_coupling_multiplier,temperature_flatline,wetness_flatline,force_missing,event_type
0.0,1000000.0,293.15,293.15,293.15,0.0,0.0,200.0,10.0,0.0,0,1.0,0.0,0.0,1.0,1.0,0,0,0,integration_review
5.0,1000000.0,293.15,293.15,293.15,0.0,0.0,200.0,10.0,0.0,0,1.0,0.0,0.0,1.0,1.0,0,0,0,integration_review
10.0,1000000.0,293.15,293.15,293.15,0.0,0.0,200.0,10.0,0.0,0,1.0,0.0,0.0,1.0,1.0,0,0,0,integration_review
15.0,1000000.0,293.15,293.15,293.15,0.0,0.0,200.0,10.0,0.0,0,1.0,0.0,0.0,1.0,1.0,0,0,0,integration_review
20.0,1000000.0,293.15,293.15,293.15,0.0,0.0,200.0,10.0,0.0,0,1.0,0.0,0.0,1.0,1.0,0,0,0,integration_review
25.0,1000000.0,293.15,293.15,293.15,0.0,0.0,200.0,10.0,0.0,0,1.0,0.0,0.0,1.0,1.0,0,0,0,integration_review
30.0,1000000.0,293.15,293.15,293.15,0.0,0.0,200.0,10.0,0.0,0,1.0,0.0,0.0,1.0,1.0,0,0,0,integration_review
35.0,1000000.0,293.15,293.15,293.15,0.0,0.0,200.0,10.0,0.0,0,1.0,0.0,0.0,1.0,1.0,0,0,0,integration_review
40.0,1000000.0,293.15,293.15,293.15,0.0,0.0,200.0,10.0,0.0,0,1.0,0.0,0.0,1.0,1.0,0,0,0,integration_review
45.0,1000000.0,293.15,293.15,293.15,0.0,0.0,200.0,10.0,0.0,0,1.0,0.0,0.0,1.0,1.0,0,0,0,integration_review
50.0,1000000.0,293.15,293.15,293.15,0.0,0.0,200.0,10.0,0.0,0,1.0,0.0,0.0,1.0,1.0,0,0,0,integration_review
55.0,1000000.0,293.15,293.15,293.15,0.0,0.0,200.0,10.0,0.0,0,1.0,0.0,0.0,1.0,1.0,0,0,0,integration_review
60.0,1000000.0,293.15,293.15,293.15,0.0,0.0,200.0,10.0,0.0,0,1.0,0.0,0.0,1.0,1.0,0,0,0,integration_review
65.0,1000000.0,293.15,293.15,293.15,0.0,0.0,200.0,10.0,0.0,0,1.0,0.0,0.0,1.0,1.0,0,0,0,integration_review
70.0,1000000.0,293.15,293.15,293.15,0.0,0.0,200.0,10.0,0.0,0,1.0,0.0,0.0,1.0,1.0,0,0,0,integration_review
75.0,1000000.0,293.15,293.15,293.15,0.0,0.0,200.0,10.0,0.0,0,1.0,0.0,0.0,1.0,1.0,0,0,0,integration_review
80.0,1000000.0,293.15,293.15,293.15,0.0,0.0,200.0,10.0,0.0,0,1.0,0.0,0.0,1.0,1.0,0,0,0,integration_review
85.0,1000000.0,293.15,293.15,293.15,0.0,0.0,200.0,10.0,0.0,0,1.0,0.0,0.0,1.0,1.0,0,0,0,integration_review
90.0,1000000.0,293.15,293.15,293.15,0.0,0.0,200.0,10.0,0.0,0,1.0,0.0,0.0,1.0,1.0,0,0,0,integration_review
95.0,1000000.0,293.15,293.15,293.15,0.0,0.0,200.0,10.0,0.0,0,1.0,0.0,0.0,1.0,1.0,0,0,0,integration_review
100.0,1000000.0,293.15,293.15,293.15,0.0,0.0,200.0,10.0,0.0,0,1.0,0.0,0.0,1.0,1.0,0,0,0,integration_review
105.0,1000000.0,293.15,293.15,293.15,0.0,0.0,200.0,10.0,0.0,0,1.0,0.0,0.0,1.0,1.0,0,0,0,integration_review
110.0,1000000.0,293.15,293.15,293.15,0.0,0.0,200.0,10.0,0.0,0,1.0,0.0,0.0,1.0,1.0,0,0,0,integration_review
115.0,1000000.0,293.15,293.15,293.15,0.0,0.0,200.0,10.0,0.0,0,1.0,0.0,0.0,1.0,1.0,0,0,0,integration_review
120.0,1000000.0,293.15,293.15,293.15,0.0,0.0,200.0,10.0,0.0,0,1.0,0.0,0.0,1.0,1.0,0,0,0,integration_review
125.0,1000000.0,293.15,293.15,293.15,0.0,0.0,200.0,10.0,0.0,0,1.0,0.0,0.0,1.0,1.0,0,0,0,integration_review
130.0,1000000.0,293.15,293.15,293.15,0.0,0.0,200.0,10.0,0.0,0,1.0,0.0,0.0,1.0,1.0,0,0,0,integration_review
135.0,1000000.0,293.15,293.15,293.15,0.0,0.0,200.0,10.0,0.0,0,1.0,0.0,0.0,1.0,1.0,0,0,0,integration_review
140.0,1000000.0,293.15,293.15,293.15,0.0,0.0,200.0,10.0,0.0,0,1.0,0.0,0.0,1.0,1.0,0,0,0,integration_review
145.0,1000000.0,293.15,293.15,293.15,0.0,0.0,200.0,10.0,0.0,0,1.0,0.0,0.0,1.0,1.0,0,0,0,integration_review
150.0,1000000.0,293.15,293.15,293.15,0.0,0.0,200.0,10.0,0.0,0,1.0,0.0,0.0,1.0,1.0,0,0,0,integration_review
155.0,1000000.0,293.15,293.15,293.15,0.0,0.0,200.0,10.0,0.0,0,1.0,0.0,0.0,1.0,1.0,0,0,0,integration_review
160.0,1000000.0,293.15,293.15,293.15,0.0,0.0,200.0,10.0,0.0,0,1.0,0.0,0.0,1.0,1.0,0,0,0,integration_review
165.0,1000000.0,293.15,293.15,293.15,0.0,0.0,200.0,10.0,0.0,0,1.0,0.0,0.0,1.0,1.0,0,0,0,integration_review
170.0,1000000.0,293.15,293.15,293.15,0.0,0.0,200.0,10.0,0.0,0,1.0,0.0,0.0,1.0,1.0,0,0,0,integration_review
175.0,1000000.0,293.15,293.15,293.15,0.0,0.0,200.0,10.0,0.0,0,1.0,0.0,0.0,1.0,1.0,0,0,0,integration_review
180.0,1000000.0,293.15,293.15,293.15,0.0,0.0,200.0,10.0,0.0,0,1.0,0.0,0.0,1.0,1.0,0,0,0,integration_review
185.0,1000000.0,293.15,293.15,293.15,0.0,0.0,200.0,10.0,0.0,0,1.0,0.0,0.0,1.0,1.0,0,0,0,integration_review
190.0,1000000.0,293.15,293.15,293.15,0.0,0.0,200.0,10.0,0.0,0,1.0,0.0,0.0,1.0,1.0,0,0,0,integration_review
195.0,1000000.0,293.15,293.15,293.15,0.0,0.0,200.0,10.0,0.0,0,1.0,0.0,0.0,1.0,1.0,0,0,0,integration_review
200.0,1000000.0,293.15,293.15,293.15,0.0,0.0,200.0,10.0,0.0,0,1.0,0.0,0.0,1.0,1.0,0,0,0,integration_review
205.0,1000000.0,293.15,293.15,293.15,0.0,0.0,200.0,10.0,0.0,0,1.0,0.0,0.0,1.0,1.0,0,0,0,integration_review
210.0,1000000.0,293.15,293.15,293.15,0.0,0.0,200.0,10.0,0.0,0,1.0,0.0,0.0,1.0,1.0,0,0,0,integration_review
215.0,1000000.0,293.15,293.15,293.15,0.0,0.0,200.0,10.0,0.0,0,1.0,0.0,0.0,1.0,1.0,0,0,0,integration_review
220.0,1000000.0,293.15,293.15,293.15,0.0,0.0,200.0,10.0,0.0,0,1.0,0.0,0.0,1.0,1.0,0,0,0,integration_review
225.0,1000000.0,293.15,293.15,293.15,0.0,0.0,200.0,10.0,0.0,0,1.0,0.0,0.0,1.0,1.0,0,0,0,integration_review
230.0,1000000.0,293.15,293.15,293.15,0.0,0.0,200.0,10.0,0.0,0,1.0,0.0,0.0,1.0,1.0,0,0,0,integration_review
235.0,1000000.0,293.15,293.15,293.15,0.0,0.0,200.0,10.0,0.0,0,1.0,0.0,0.0,1.0,1.0,0,0,0,integration_review
240.0,1000000.0,293.15,293.15,293.15,0.0,0.0,200.0,10.0,0.0,0,1.0,0.0,0.0,1.0,1.0,0,0,0,integration_review
