timestamp_s,strain_hoop_microstrain,strain_axial_microstrain,temperature_k,wetness_index,packet_valid,h2s_ppm,h2s_valid,h2s_status
0.0,20.427624080524303,4.640797766674324,293.23096651990954,0.015241148909662461,True,-0.0003834041258346862,True,ok
5.0,20.047523414742827,4.729413829371475,293.0458858527832,0.0,True,-0.0007707787562191683,True,ok
10.0,19.635430447822557,4.856430983906373,293.12491006101845,0.001815050938971562,True,4.4814790047309524e-05,True,ok
15.0,19.639070244838365,4.309993487509788,293.096266065098,0.010626152129567487,True,0.00038655446175903964,True,ok
20.0,19.25075320023299,4.346214535988752,293.1882410399136,0.009900580614977852,True,-0.0005709061460814908,True,ok
25.0,20.280147471162724,4.174345085002553,293.0215759747178,0.0,True,-0.00039184059537315227,True,ok
30.0,20.885724935616356,4.816545419830106,293.25850383486306,0.03877766201813837,True,0.000743870516261053,True,ok
35.0,21.062889754285425,4.728566868954845,293.1656779084856,0.0033727783673006984,True,0.0004704191293091024,True,ok
40.0,20.594981159135077,4.931789523044545,293.0658654872811,0.0,True,-0.00010264725185718612,True,ok
45.0,19.460869938583375,4.691374878031556,293.09338961525117,0.0,True,0.00043600613119526696,True,ok
50.0,19.825982514346823,4.440903000954207,293.04606082222693,0.013030592163951209,True,-0.0002829142465280573,True,ok
55.0,20.0425619538288,4.183354791443658,293.2266880181977,0.0,True,-0.0003153257313083976,True,ok
60.0,21.45175028887139,4.550844770356938,293.21528317211875,0.0,True,0.00015911774895878755,True,ok
65.0,20.977220760040947,4.73739841884861,293.1960666295573,0.0,True,0.00048683697130046436,True,ok
70.0,20.188784491327027,4.791582094313268,293.33915169825724,0.008637753959930699,True,-0.00047094459333223886,True,ok
75.0,19.64520639516392,5.026585852457799,293.2245001368427,0.013130100712334076,True,-0.0003248576323395633,True,ok
80.0,20.07121726233079,4.575542648819982,293.16647523679796,0.018804082564351208,True,-0.00034951376167864276,True,ok
85.0,19.913381858243113,4.657806331274667,293.0934049355329,0.019964182156910558,True,0.000528254368599042,True,ok
90.0,20.143875766010865,5.180932938813584,293.0051622278591,0.0,True,-0.0004300828067240063,True,ok
95.0,19.5885652912131,4.6810319115871915,293.1828138679587,0.0019973878651557385,True,-3.5136117207040186e-05,True,ok
100.0,20.22616404178707,4.649902823936058,293.2093359229116,0.0,True,,False,missing
105.0,21.478780361836282,4.663358274001755,293.06521592193366,0.009107970217879416,True,-0.001083513040823325,True,ok
110.0,21.388129221398753,4.860078104171097,293.113459352484,0.0,True,-0.00041460783468314606,True,ok
115.0,21.96241627925306,4.332598307131522,293.26251932601434,0.016573509789423648,True,0.00022293527969496088,True,ok
120.0,20.66672318750981,4.708475954453299,293.3649555178265,0.00048281879164577225,True,-6.403495929536204e-05,True,ok
125.0,20.187863032430325,5.072479125133542,293.2070414308849,0.054121130669147643,True,-0.00030365186947577046,True,ok
130.0,20.62217468458881,4.590464038383384,293.1511043820722,0.02305408228226407,True,-0.00027185081416670933,True,ok
135.0,19.657918082935577,4.71967341930436,293.08364398539146,0.018565255725777646,True,-0.0009505481999270722,True,ok
140.0,20.02890417023808,4.3830843685206196,293.2041320590419,0.0,True,8.304112109853764e-05,True,ok
145.0,20.49047400592861,4.51026416825176,293.30934348906493,0.012812517608924599,True,0.00016845931553287121,True,ok
150.0,20.139213392533915,4.492827961490838,293.31892306526834,0.0,True,0.0003317418532706893,True,ok
155.0,19.185068979707676,4.444721440843724,293.0958948960458,0.0,True,8.69341107090398e-06,True,ok
160.0,19.403901298272178,4.213828048330714,293.1630120823691,0.02748962402688082,True,-3.596208017697406e-05,True,ok
165.0,20.11361711665339,4.685279984605538,293.1125822643446,0.009653724120588144,True,0.00044999748861381607,True,ok
170.0,19.774369313651487,4.3797688955235845,293.0663582550652,0.013872765898106175,True,-0.0002760563310315225,True,ok
175.0,19.628564420930665,4.903972536924526,293.01518626828613,0.010475192427729684,True,1.9394243462808668e-05,True,ok
180.0,20.209309363627696,4.786033933501931,292.9918292922225,0.006575413185606915,True,-0.0005736385627235905,True,ok
185.0,20.182097923180905,4.864788326961977,293.24232718371775,0.0,True,0.00018874844438558446,True,ok
190.0,19.77112056719629,4.9167646879529086,293.2913097399762,0.010229282483741529,True,0.000954785005027041,True,ok
195.0,20.332338384758362,5.120278196833708,293.1674982586724,0.0,True,6.008539684468253e-05,True,ok
200.0,20.969464146580805,5.688895490491099,293.16257895512405,0.0,True,0.0004029365120496169,True,ok
205.0,21.193857036152824,5.317266810684399,292.9954760504566,0.024102447654040352,True,0.0010367110577295378,True,ok
210.0,20.585568882631808,4.811153196306893,293.26244389686957,0.009260056252517622,True,0.0003853977464976029,True,ok
215.0,20.682707350734155,4.958446857642471,293.2523903094083,0.014477992838101684,True,-0.0006356065789472287,True,ok
220.0,20.672301137537442,5.516581077554109,293.1007652637557,0.01358077725469474,True,0.00014933694588076092,True,ok
225.0,19.491329881882518,5.155821614593603,292.9901298608306,0.0,True,0.00032892488504476813,True,ok
230.0,20.574885482927364,5.195222241673098,293.1129686652806,0.0,True,0.000278367245849873,True,ok
235.0,20.33777500174133,5.126901658374632,293.2708454903723,0.0,True,-0.00016877148736804532,True,ok
240.0,20.62876491196071,5.1737305638347815,293.27889390109027,0.0,True,0.0006013578200662973,True,ok
245.0,20.683369924177388,5.080243232503592,293.20570973296594,0.0,True,-0.0005594376495103934,True,ok
250.0,17.898896369090973,4.330478018860543,293.17150182587784,0.0008689218414246217,True,0.00027069735787690235,True,ok
255.0,16.898314796114143,4.403178554918192,293.35018914455515,0.0100004812932313,True,0.0001348975991008385,True,ok
260.0,16.505397046593696,4.045098283209736,293.16324393546273,0.0,True,-0.0006084304268825623,True,ok
265.0,15.931508279152188,4.184515949153815,293.27047139492015,0.0,True,-0.000993389855089966,True,ok
270.0,15.699740209894474,3.849182231888743,293.30345782612505,0.033690057531046744,True,0.0002800453107941071,True,ok
275.0,15.375990590565333,4.297491359224129,293.40074323284495,0.015842831375019226,True,0.0003635317215461624,True,ok
280.0,14.608403354439886,4.123749490596554,293.19617606980955,0.014069482261450435,True,0.00029743639146522784,True,ok
285.0,15.938787553860147,4.217468106768118,293.1420280429043,0.01283860654102197,True,-0.0002731278450448647,True,ok
290.0,15.194366563047792,4.069964678256938,293.15163588318296,0.0,True,-0.0003409513314919606,True,ok
295.0,15.927254337576569,4.101819968753356,293.28529967341564,0.0,True,0.0003463397333992415,True,ok
300.0,15.979951767893292,3.7512651618838824,293.08076282768087,0.0,True,0.0002999909876057663,True,ok
305.0,16.329685472508597,4.368049965579921,293.2343444771711,0.0,True,-0.00031202289419088265,True,ok
310.0,15.850384247760086,4.528474574073825,293.1372495630163,0.0,True,0.00015640938667021826,True,ok
315.0,16.351539186485603,3.9293749624684584,293.11018446279684,0.0,True,3.2318193539933413e-06,True,ok
320.0,12.533439682583264,0.07584732587557583,293.1675930305555,0.009588768679786967,True,-0.0004893058447710601,True,ok
325.0,10.42663750006159,-1.2272186527175595,293.27967071797195,0.032815938441811555,True,0.00021871462887001193,True,ok
330.0,9.105794002024766,-1.9424164075707488,293.29529942210206,0.004117973980139356,True,0.00034597151562624064,True,ok
335.0,10.134061620659729,0.6732759418241542,293.11299832845907,0.022769845030408645,True,3.8489470851766705e-05,True,ok
340.0,11.29212228791205,4.170561725809207,293.2902855183104,0.0009483446423094637,True,-0.00031738855407848236,True,ok
345.0,,,,,False,,False,missing
350.0,15.82068707417971,10.401593347992105,293.470403784625,0.001964178023182844,True,-0.0005109638753910384,True,ok
355.0,19.519381926365586,13.554910566963317,293.3987537899293,0.0,True,0.0003934457597941921,True,ok
360.0,21.271349059983415,16.854384028036307,293.642355305111,0.0,True,4.693503867421201e-05,True,ok
365.0,25.11029229208761,19.723562976034845,293.69085437954675,0.0,True,-0.00012743298949621424,True,ok
370.0,27.19127711352714,22.48761294628373,293.80875496301434,0.0,True,0.0006209926041139824,True,ok
375.0,30.497502379808264,25.63523849948034,294.1473669517773,0.0,True,-0.0005284369862714602,True,ok
380.0,32.878096557956006,28.09004704875589,294.1013212868627,0.023263129327249,True,-0.0014952971152668105,True,ok
385.0,35.17805889051647,31.230538719814504,294.590308794974,0.0,True,-0.00035544410659883664,True,ok
390.0,37.32669020175652,33.71488008635232,294.6676297348898,0.029877306866784945,True,0.00029108758313200784,True,ok
395.0,40.78475943296661,36.592910391921464,294.9261586229023,0.0221480576583056,True,0.00020646921891609793,True,ok
400.0,42.43245029714157,39.259003330861475,295.0026880687373,0.010760453641191865,True,0.00045323956203162385,True,ok
405.0,44.53068853239361,41.81620110961508,295.40406154177043,0.0,True,0.00013497423345484448,True,ok
410.0,47.66758252922349,44.65779895387466,295.82940649049203,0.01324137415693052,True,0.00016372946248369852,True,ok
415.0,49.730401139512885,46.945572960163744,295.8270888688133,0.0017699722991000527,True,-2.474987976229828e-05,True,ok
420.0,52.30320168583014,49.62106659458917,296.02197272724317,0.02677646693013056,True,-0.0003239992120150656,True,ok
425.0,54.48482672923592,51.86876492407371,296.4073093930568,0.013120211021092676,True,-0.00025218003519024423,True,ok
430.0,56.157810255597774,54.02097414263361,296.60305776948906,0.0,True,-0.00010249664388123934,True,ok
435.0,59.14325975794602,56.737426660763454,296.6885090311469,0.02735091903358433,True,0.00022748876733951322,True,ok
440.0,60.62102636528695,59.00801598551683,296.9481801782634,0.025857580767634038,True,0.0008233599131079521,True,ok
445.0,63.12471059273865,61.53775943930258,297.1817343327563,0.006409791988962288,True,0.00013385295979002025,True,ok
450.0,65.41735219660129,63.49745135199087,297.40488945615965,0.001599493039642534,True,-0.0001351494742535662,True,ok
455.0,67.0207393997224,65.8404637096906,297.58088743071545,0.03066584956717763,True,0.0005243376034252235,True,ok
460.0,69.32456562265541,68.18171198543077,297.8929377339849,0.026122669981982406,True,0.0005065462428599521,True,ok
465.0,71.26212525736281,70.18635877319859,297.9741847375507,0.0204357177292045,True,0.0005045746528018647,True,ok
470.0,72.82979772902259,72.22177750116369,298.1334891192508,0.03604150239522312,True,1.4991237883358309e-06,True,ok
475.0,74.54040361475548,74.5465770606904,298.5160743640186,0.02464639080629688,True,-0.0011881443917335114,True,ok
480.0,77.12952740281548,76.56066991006865,298.63896037154444,0.0,True,8.092200563361306e-05,True,ok
485.0,78.48566301168015,78.18309828532705,299.113328350214,0.018773124115097097,True,-0.0003839490693894622,True,ok
490.0,79.72896532511882,80.18171199973256,299.3398750105785,0.0,True,-6.129697839901628e-05,True,ok
495.0,82.18296620523,82.37849028594815,299.51858695353087,0.002219054764279943,True,-0.000744391449372465,True,ok
500.0,84.4688910065903,84.68136895981883,299.45851234346856,0.0,True,0.0003824722449816017,True,ok
505.0,86.20397486591074,86.27394991344167,299.86879438718955,0.0,True,-5.7457662285849984e-05,True,ok
510.0,87.27783383199953,88.4141705748343,299.8634629712135,0.0007193431086046625,True,-6.29351090096293e-05,True,ok
515.0,88.64184030017601,89.75363177173377,300.0873979950696,0.0,True,-0.0005464157277712553,True,ok
520.0,90.42177355719328,91.48138943610851,300.37750612953715,0.013086006539485799,True,0.00022603193382665727,True,ok
525.0,92.14729283448816,93.20400006784232,300.78724036581434,0.0135281908787497,True,-9.657416484070043e-05,True,ok
530.0,93.20444409229299,95.33978077729854,300.8488447588618,0.008604368638974173,True,-0.0001346622995764265,True,ok
535.0,95.64275151741688,96.87821036696914,301.14070507818036,0.004801342745522682,True,,False,missing
540.0,96.62001699291321,98.32102966942792,301.22447794803446,0.0,True,-0.0007127991197474931,True,ok
545.0,98.36318699172904,100.41435842789537,301.33828932644343,0.0046347542883200445,True,-0.0001213747781109421,True,ok
550.0,98.9480819534307,101.93875532461252,301.27015139853575,0.0029780136236620177,True,-0.0003494142372602609,True,ok
555.0,101.20238739844949,103.6593904417742,301.7743308170383,0.012101191021697641,True,-0.0007165500832999554,True,ok
560.0,103.44782252149139,104.95346735127228,302.05297748478137,0.0,True,-8.193081188022862e-05,True,ok
565.0,104.34167209467223,106.68735296209432,302.1318172233512,0.0009410860407846025,True,-8.207418268841676e-05,True,ok
570.0,105.81025626259424,108.11842127698075,302.22952237436846,0.0,True,0.00010005883333932402,True,ok
575.0,107.2941067042731,109.50851153598053,302.23842383791606,0.0,True,-0.0007871916173321866,True,ok
580.0,108.6140920048336,111.17267985164091,302.5118839502925,0.0007337970860284912,True,0.0004845379023418418,True,ok
585.0,108.47424796251008,110.031639988951,302.6282086291599,0.0011628591832359386,True,-0.0005238823207885945,True,ok
590.0,107.50319459282981,108.08696804524482,302.84971155130495,0.008176358684570692,True,0.00012286350226055782,True,ok
595.0,106.86516158257545,106.19748028331223,302.85552058666707,0.0,True,-0.00043958840760295766,True,ok
600.0,105.35182169296169,105.05339954262068,303.03889961447993,0.0010453980255249059,True,-0.00035460103352481006,True,ok
605.0,104.10058195846696,102.75272166857847,303.24820525783304,0.0,True,-0.00047305123380518956,True,ok
610.0,102.2546560905515,101.22155485582269,303.2446294740979,0.0,True,-0.0013974989390133415,True,ok
615.0,100.85408014129014,99.65600961863039,303.0625528921006,0.0,True,-0.00012945537322521172,True,ok
620.0,98.96486274493051,98.26712398211612,303.1515820679714,0.002588326112383108,True,9.815589195595224e-05,True,ok
625.0,97.39837682829616,96.55719478273512,303.1128091339306,0.027713557330856328,True,-6.0993318048165404e-05,True,ok
630.0,95.25924633023848,95.52500739995962,303.09362836555465,0.018586258862215287,True,-0.000836039766343683,True,ok
635.0,94.79200072132683,93.50834691642761,303.0623109047315,0.0,True,4.734061373087522e-05,True,ok
640.0,93.53131407946648,91.79894865096651,302.876289497016,0.0,True,-0.00020013290676261877,True,ok
645.0,91.87205751396121,90.09353311666075,302.8764775715816,0.0,True,0.0003236518604622942,True,ok
650.0,89.97342530648552,88.57007392997006,302.8051351740885,0.030368872971694702,True,0.0002686576293138333,True,ok
655.0,89.74372585051667,87.48791634168629,302.7693013808709,0.003868663948146046,True,5.176873612846047e-05,True,ok
660.0,88.24344333466378,86.04731903416747,302.4645106485892,0.011418759794294422,True,-0.00064968422575954,True,ok
665.0,86.99054471754927,85.07036919983335,302.538877216959,0.0,True,-0.0005906861519956191,True,ok
670.0,85.67948434887897,83.50464490839343,302.4716909009278,0.001736960688369909,True,0.0006097511502831534,True,ok
675.0,84.44953274838808,82.13740789979991,302.2417909645487,0.03344252933662474,True,-0.00021528754224163624,True,ok
680.0,83.4525499071856,80.57227137155608,302.1858439681804,0.0,True,-7.002853930614273e-05,True,ok
685.0,81.17009358905345,79.1128290498412,301.88731720066545,0.0020035434875121457,True,0.0003012077505861177,True,ok
690.0,80.75979168592711,77.98080514360828,301.9517000343649,0.0,True,0.000770764861583882,True,ok
695.0,80.21064144020771,76.81107961536867,301.7391155960393,0.0,True,-0.00029621824374983266,True,ok
700.0,78.67373418650068,75.38854891856037,301.4972794187284,0.01428042738807148,True,-0.00012945379816257374,True,ok
705.0,77.57709435377431,74.62423088635673,301.5985091462144,0.0,True,0.0002159130733651176,True,ok
710.0,75.8009312637417,73.19784353469544,301.2582844366816,0.006577091494529848,True,0.0008539036003375966,True,ok
715.0,75.0114805606342,71.65307433967753,301.2484136461133,0.0031880471659395835,True,0.0004870162007352415,True,ok
720.0,73.95047270595286,70.453834702043,301.10286715504196,0.0,True,-0.0007846475128535194,True,ok
725.0,72.58594323674481,69.62744564573819,300.81306662901335,0.0,True,0.0005802821547136337,True,ok
730.0,71.88958810976614,68.31664705422102,300.7738945417045,0.0012395766916491755,True,0.0002681800619675621,True,ok
735.0,70.5113366943473,67.32130301557352,300.6925492887597,0.001970205421442435,True,-0.00019036911241144362,True,ok
740.0,70.1723826506108,66.60720305688977,300.65450575911586,0.023788873394060044,True,-0.0005068542464637324,True,ok
745.0,69.20848523628561,65.43316931893848,300.6285551610165,0.0,True,0.00018068780410534886,True,ok
750.0,67.28654123445129,64.18994462639922,300.41320917878784,0.013412280425066373,True,0.000302158408499653,True,ok
755.0,66.43197576152639,63.30486463587827,300.23806741896937,0.010490804221376198,True,0.0001940214171643572,True,ok
760.0,65.63237858158105,62.19191681700441,300.1552389443248,0.009181197485792287,True,-0.0003198102577002958,True,ok
765.0,64.95909740756487,61.14974957771229,300.19817394592474,0.0,True,0.0002564339150763169,True,ok
770.0,65.04563777562787,60.03403075932192,299.87750064836473,0.0,True,-0.00011255634379096228,True,ok
775.0,64.13887216121091,58.7826114922958,299.7833223040676,0.0331891715799926,True,0.00019849038947329612,True,ok
780.0,64.10987196147605,57.74209283771502,299.6942706792625,0.0,True,0.00046091041768859154,True,ok
785.0,63.888324239305064,57.111408928076955,299.6753304817454,0.0,True,9.325560641440314e-05,True,ok
790.0,63.21347814683632,56.092735498395896,299.7624103824524,0.0,True,-0.0007464778427709607,True,ok
795.0,62.138265005354434,54.66652122524032,299.57902885929235,0.02216059180569045,True,-7.271177670668672e-05,True,ok
800.0,61.23623556367155,53.767807010736654,299.4532575756253,0.0,True,-0.0006184190790366726,True,ok
805.0,61.19190109269508,52.91968736664626,299.41435205073896,0.0,True,-0.0003044116354093763,True,ok
810.0,61.1664558562079,51.94679697101076,299.2785148828787,0.0290851561804935,True,-0.0005309378530521096,True,ok
815.0,59.45683409094101,51.11053464145456,299.05984018066,0.014392954561189579,True,-0.00021653280928140425,True,ok
820.0,58.349102003673806,50.30354580806292,298.91733526164535,0.0,True,0.00032537244418408826,True,ok
825.0,57.39190162423714,49.852553666179716,298.91262207045855,0.0,True,0.0004484574845870508,True,ok
830.0,57.70768320686273,48.816303359304435,298.74407412097287,0.0,True,-9.477140313730623e-05,True,ok
835.0,56.75786488567433,47.72276970319884,298.6622623435749,0.0,True,0.0010543994216888144,True,ok
840.0,55.369811519215276,46.96227054887118,298.7524657766855,0.0,True,-5.8868493232241175e-05,True,ok
845.0,54.756295940163795,46.83784276596821,298.6492023261172,0.0,True,-0.00023092864692975606,True,ok
850.0,53.88718891737903,45.6878710762439,298.40338456725993,0.0,True,0.000591148888334,True,ok
855.0,53.68816749943896,45.341396295830265,298.3217645824426,0.0074344942016477955,True,-0.0007063393274126137,True,ok
860.0,53.691016920449115,44.20166883457254,298.29155869043024,0.0,True,-0.00043818480562098246,True,ok
865.0,52.33378555178863,43.96653705563027,298.19225206505547,0.0,True,0.000206810901436869,True,ok
870.0,51.98699418393581,43.22737297348922,298.0946648158066,0.0,True,0.0001421067455513249,True,ok
875.0,51.2933084885442,42.13387288585636,297.97143324952543,0.0,True,-0.0003218752393278165,True,ok
880.0,49.656229784597386,40.87920559534658,297.9877372438677,0.006530455095745744,True,0.0005751877878152772,True,ok
885.0,,,,,False,,False,missing
890.0,48.050102666647525,39.86562142524028,297.8135773033042,0.010201967092096014,True,-6.741049971496923e-05,True,ok
895.0,47.7039505243393,39.205268610269385,297.8710070779013,0.013430945799175387,True,-0.0010220966978577745,True,ok
900.0,47.82394963009102,38.679855482069506,297.7367253069998,0.0,True,8.053004311904088e-05,True,ok
905.0,47.07850709970014,38.39197980563965,297.62325271267366,0.026826699795783962,True,-0.0004548175880874834,True,ok
910.0,46.53858535975524,37.349150243366545,297.61464337236913,0.04879461624890971,True,0.0009212777334583525,True,ok
915.0,45.96104055537347,36.774682780084404,297.5309778322254,0.005919346905934455,True,-0.00016594723115023922,True,ok
920.0,45.587263083268354,36.38807286275361,297.66485725184214,0.012040966417571502,True,0.0003243298990675415,True,ok
925.0,44.196553978187026,35.470542515419304,297.6445831068495,0.020943838268605682,True,-0.0001807779000152331,True,ok
930.0,44.54009769601809,34.881810962915,297.30300257462926,0.0,True,,False,missing
935.0,44.03224918917311,34.284497241541395,297.303641069006,0.0,True,0.00020112795298127286,True,ok
940.0,43.39373962584892,33.923468136599915,297.23340863383385,0.011451372915635069,True,0.00011582641977634614,True,ok
945.0,42.440730159454326,33.299276275766296,297.1976586833806,0.0,True,-0.0008532317307318791,True,ok
950.0,42.02588253769669,32.55551032058834,296.9551532689115,0.009706909853915115,True,-0.0004036660249577419,True,ok
955.0,41.029124334692916,32.01597673404676,296.93453799661717,0.014044360014538146,True,-0.0004237346559355493,True,ok
960.0,41.39985066968531,31.47846897079213,296.9452332113776,0.014034363750673885,True,-0.0008902092575835373,True,ok
965.0,41.43857475003726,31.11106521065249,296.9672030603836,0.029678224326247706,True,-0.0001090134596888242,True,ok
970.0,39.3034162023519,30.751479375122177,296.90759058787825,0.046297347368073304,True,-0.00048621223137877093,True,ok
975.0,39.70043542369044,30.057083300129573,296.6313937297416,0.0,True,-0.0005630724612340521,True,ok
980.0,39.73463898511407,29.97581837300093,296.729003828848,0.0,True,0.00031125001297859325,True,ok
985.0,38.81451255563808,29.155639034494424,296.61155994383836,0.024632440156169673,True,-0.0002731522476949734,True,ok
990.0,38.58766099169026,28.48565415403802,296.69150551541236,0.0003238937278548862,True,-0.000461341564631332,True,ok
995.0,37.580316862873886,27.77659952358112,296.4885172510264,0.00026827316855781546,True,9.554168735980613e-05,True,ok
1000.0,37.76932622643814,27.59602490043593,296.50907233974425,0.00749526951237357,True,-0.0006535199104534481,True,ok
1005.0,37.30944814406139,27.221354242146187,296.429659847213,0.008770067995381749,True,-0.00034352494706405034,True,ok
1010.0,37.099704294072076,26.807247815436153,296.5664508264176,0.020746485554278958,True,-0.0001577924629514441,True,ok
1015.0,36.433927455221564,26.290657337180143,296.3602217951973,0.00468277187764988,True,0.0005783401459105506,True,ok
1020.0,36.196376480127796,25.86966793660521,296.2442755258801,0.0,True,0.00027065077250353856,True,ok
1025.0,35.760103003523874,25.880205126647777,296.27663032440836,0.0005304222740260952,True,-0.0004243076413000678,True,ok
1030.0,35.155496828451774,25.09500686603278,296.2786815640416,0.0,True,-8.528721199603452e-06,True,ok
1035.0,33.935956061720326,24.617189354457896,296.2448104953114,0.0,True,0.00025566200354215586,True,ok
1040.0,34.3226692338033,24.126153930739992,296.10751970465986,0.0016133110550226016,True,0.00048326622913943485,True,ok
1045.0,33.83342407309943,24.129332102087027,296.22120239539095,0.0,True,-0.0003936969784318824,True,ok
1050.0,33.80530658978326,22.998915475023164,295.9940443770311,0.0,True,0.00014246309843399306,True,ok
1055.0,33.04762125795413,22.829345786404225,296.03900643179657,0.018688464275898375,True,-0.000723208674223685,True,ok
1060.0,32.712362705294254,22.546950455377218,295.96761723303064,0.007631738693307495,True,0.0003955647566552871,True,ok
1065.0,32.32750861686862,22.08467009663209,295.90693253068764,0.0,True,0.0003432003191251483,True,ok
1070.0,31.67713329105142,21.615012679254118,295.70811957604025,0.021058281391434366,True,-0.0003682218764679021,True,ok
1075.0,31.7535223166345,21.161008892779343,295.7287042309478,0.0,True,0.00025792394941687776,True,ok
1080.0,31.46322943940351,21.037996907982446,295.7552666111143,0.0,True,-9.123803063564961e-07,True,ok
1085.0,32.395189648694526,20.892571258754412,295.84369306664365,0.0,True,-0.000707710580086271,True,ok
1090.0,31.28437732746771,20.656767259100526,295.56212317134873,0.013606618418363043,True,0.000791641182382609,True,ok
1095.0,30.112219621430235,20.07982874813724,295.75949418213713,0.0,True,0.00012220638749017415,True,ok
1100.0,30.46340594004377,19.58371006613174,295.82107016374994,0.0,True,0.0001135240479842417,True,ok
1105.0,29.787147784699528,19.1193519083309,295.62501494118766,0.01269621448232008,True,-0.0003837176148865194,True,ok
1110.0,29.73007464304156,19.31505061720261,295.5918172871911,0.010953231460731995,True,0.0002500016869038666,True,ok
1115.0,29.316035509550332,18.660111775953492,295.43071584351367,0.01296559702687701,True,-0.00042524885322084443,True,ok
1120.0,29.366420720338322,18.501159767473588,295.43430581175784,0.0,True,-0.0005884147975057006,True,ok
1125.0,29.191373543762396,17.58206944504066,295.58815763422376,0.0008571824206192284,True,1.1002964837042185e-05,True,ok
1130.0,27.96908585669301,17.508092163400523,295.28349893685584,0.00020127628805297656,True,-0.00019168874503636116,True,ok
1135.0,28.207575936060277,17.593251507662586,295.3006143341275,0.00757006401809851,True,3.346486147584165e-05,True,ok
1140.0,28.100040846832023,16.98210063050476,295.2262185652472,0.0,True,0.0008138325780753866,True,ok
1145.0,28.348681835735107,17.087298318563246,295.24833804419603,0.0,True,-0.000332603801976802,True,ok
1150.0,28.292571762590786,16.333553709555208,295.31918065707544,0.0,True,0.0005821993431450633,True,ok
1155.0,27.602749730895983,16.61401267707368,295.2222007846628,0.012816262526908227,True,0.0011480052048903268,True,ok
1160.0,27.500707254722304,16.07056621971218,295.0818465811728,0.0,True,-0.0007959766794182004,True,ok
1165.0,26.63032656340652,15.913257714656314,295.01880893189133,0.0024311851063178232,True,-0.00029609645706461335,True,ok
1170.0,26.050885900193844,15.425031129628152,295.03400131932847,0.01704346888856266,True,0.0006016363523476951,True,ok
1175.0,26.584690195162167,15.330422529623032,295.28991576170165,0.0,True,0.0009411834240959439,True,ok
1180.0,,,,,False,,False,missing
1185.0,24.915514489893816,14.740233339605487,295.08666699395087,0.0,True,-1.6039892349509525e-05,True,ok
1190.0,25.145930665545418,14.266160690222257,295.01730951760567,0.0,True,0.00042638532726516895,True,ok
1195.0,24.844237922765455,14.10974238395551,294.98975311136786,0.021245402405083158,True,0.00010371885518875052,True,ok
1200.0,25.894135725514527,14.058170562495537,294.93767852798356,0.0,True,-0.00033107807450690906,True,ok
